request_id,timestamp,datetime,latency_ms,success,replica_id,error_message
0,1766871008.4661674,2025-12-27T23:30:08.466167,0.9984970092773438,True,native-replica-1,
1,1766871008.5005245,2025-12-27T23:30:08.500525,1.0061264038085938,True,native-replica-1,
2,1766871008.5347023,2025-12-27T23:30:08.534702,1.0135173797607422,True,native-replica-1,
3,1766871008.5692594,2025-12-27T23:30:08.569259,1.5130043029785156,True,native-replica-1,
4,1766871008.602987,2025-12-27T23:30:08.602987,1.7604827880859375,True,native-replica-1,
5,1766871008.6364017,2025-12-27T23:30:08.636402,1.5265941619873047,True,native-replica-1,
6,1766871008.6704664,2025-12-27T23:30:08.670466,1.6999244689941406,True,native-replica-1,
7,1766871008.7041583,2025-12-27T23:30:08.704158,1.5106201171875,True,native-replica-1,
8,1766871008.7384517,2025-12-27T23:30:08.738452,1.0094642639160156,True,native-replica-1,
9,1766871008.7727692,2025-12-27T23:30:08.772769,1.0068416595458984,True,native-replica-1,
10,1766871008.8075097,2025-12-27T23:30:08.807510,0.8602142333984375,True,native-replica-1,
11,1766871008.8422353,2025-12-27T23:30:08.842235,1.857757568359375,True,native-replica-1,
12,1766871008.8762128,2025-12-27T23:30:08.876213,1.0058879852294922,True,native-replica-1,
13,1766871008.9104013,2025-12-27T23:30:08.910401,1.0056495666503906,True,native-replica-1,
14,1766871008.9448876,2025-12-27T23:30:08.944888,1.005411148071289,True,native-replica-1,
15,1766871008.9792995,2025-12-27T23:30:08.979300,0.9896755218505859,True,native-replica-1,
16,1766871009.0129733,2025-12-27T23:30:09.012973,1.5120506286621094,True,native-replica-1,
17,1766871009.0468996,2025-12-27T23:30:09.046900,1.1844635009765625,True,native-replica-1,
18,1766871009.0807633,2025-12-27T23:30:09.080763,0.6756782531738281,True,native-replica-1,
19,1766871009.1142347,2025-12-27T23:30:09.114235,1.7015933990478516,True,native-replica-1,
20,1766871009.147969,2025-12-27T23:30:09.147969,0.5214214324951172,True,native-replica-1,
21,1766871009.181398,2025-12-27T23:30:09.181398,1.0063648223876953,True,native-replica-1,
22,1766871009.2156465,2025-12-27T23:30:09.215647,1.5873908996582031,True,native-replica-1,
23,1766871009.2497025,2025-12-27T23:30:09.249702,1.522064208984375,True,native-replica-1,
24,1766871009.2834811,2025-12-27T23:30:09.283481,1.0058879852294922,True,native-replica-1,
25,1766871009.317741,2025-12-27T23:30:09.317741,1.0068416595458984,True,native-replica-1,
26,1766871009.3523264,2025-12-27T23:30:09.352326,1.0058879852294922,True,native-replica-1,
27,1766871009.386668,2025-12-27T23:30:09.386668,1.0068416595458984,True,native-replica-1,
28,1766871009.4209242,2025-12-27T23:30:09.420924,1.5158653259277344,True,native-replica-1,
29,1766871009.4545875,2025-12-27T23:30:09.454587,1.445770263671875,True,native-replica-1,
30,1766871009.4885674,2025-12-27T23:30:09.488567,0.5054473876953125,True,native-replica-1,
31,1766871009.5223472,2025-12-27T23:30:09.522347,1.0132789611816406,True,native-replica-1,
32,1766871009.5565562,2025-12-27T23:30:09.556556,1.0077953338623047,True,native-replica-1,
33,1766871009.590705,2025-12-27T23:30:09.590705,2.0101070404052734,True,native-replica-1,
34,1766871009.624647,2025-12-27T23:30:09.624647,1.4503002166748047,True,native-replica-1,
35,1766871009.658412,2025-12-27T23:30:09.658412,1.3580322265625,True,native-replica-1,
36,1766871009.692287,2025-12-27T23:30:09.692287,1.6751289367675781,True,native-replica-1,
37,1766871009.7258322,2025-12-27T23:30:09.725832,1.5149116516113281,True,native-replica-1,
38,1766871009.7599642,2025-12-27T23:30:09.759964,1.5110969543457031,True,native-replica-1,
39,1766871009.7935653,2025-12-27T23:30:09.793565,2.007722854614258,True,native-replica-1,
40,1766871009.827196,2025-12-27T23:30:09.827196,1.5132427215576172,True,native-replica-1,
41,1766871009.861253,2025-12-27T23:30:09.861253,1.4374256134033203,True,native-replica-1,
42,1766871009.8949165,2025-12-27T23:30:09.894917,1.0008811950683594,True,native-replica-1,
43,1766871009.9291234,2025-12-27T23:30:09.929123,1.4264583587646484,True,native-replica-1,
44,1766871009.962844,2025-12-27T23:30:09.962844,1.0495185852050781,True,native-replica-1,
45,1766871009.9972928,2025-12-27T23:30:09.997293,1.0099411010742188,True,native-replica-1,
46,1766871010.031606,2025-12-27T23:30:10.031606,1.577615737915039,True,native-replica-1,
47,1766871010.066217,2025-12-27T23:30:10.066217,1.5263557434082031,True,native-replica-1,
48,1766871010.0998318,2025-12-27T23:30:10.099832,1.0058879852294922,True,native-replica-1,
49,1766871010.1342216,2025-12-27T23:30:10.134222,1.0066032409667969,True,native-replica-1,
50,1766871010.1682832,2025-12-27T23:30:10.168283,1.7483234405517578,True,native-replica-1,
51,1766871010.2020462,2025-12-27T23:30:10.202046,2.1660327911376953,True,native-replica-1,
52,1766871010.2357023,2025-12-27T23:30:10.235702,1.9600391387939453,True,native-replica-1,
53,1766871010.2695348,2025-12-27T23:30:10.269535,1.5482902526855469,True,native-replica-1,
54,1766871010.3035553,2025-12-27T23:30:10.303555,0.9062290191650391,True,native-replica-1,
55,1766871010.337486,2025-12-27T23:30:10.337486,1.3859272003173828,True,native-replica-1,
56,1766871010.3715584,2025-12-27T23:30:10.371558,1.8055438995361328,True,native-replica-1,
57,1766871010.405443,2025-12-27T23:30:10.405443,2.0918846130371094,True,native-replica-1,
58,1766871010.4390287,2025-12-27T23:30:10.439029,1.0082721710205078,True,native-replica-1,
59,1766871010.4734085,2025-12-27T23:30:10.473408,1.4121532440185547,True,native-replica-1,
60,1766871010.5076532,2025-12-27T23:30:10.507653,1.0077953338623047,True,native-replica-1,
61,1766871010.5417504,2025-12-27T23:30:10.541750,1.5101432800292969,True,native-replica-1,
62,1766871010.575727,2025-12-27T23:30:10.575727,1.5118122100830078,True,native-replica-1,
63,1766871010.609536,2025-12-27T23:30:10.609536,1.0116100311279297,True,native-replica-1,
64,1766871010.6440356,2025-12-27T23:30:10.644036,2.0203590393066406,True,native-replica-1,
65,1766871010.6775193,2025-12-27T23:30:10.677519,2.00653076171875,True,native-replica-1,
66,1766871010.7120318,2025-12-27T23:30:10.712032,0.8721351623535156,True,native-replica-1,
67,1766871010.7462006,2025-12-27T23:30:10.746201,1.0061264038085938,True,native-replica-1,
68,1766871010.7806532,2025-12-27T23:30:10.780653,1.012563705444336,True,native-replica-1,
69,1766871010.8149168,2025-12-27T23:30:10.814917,1.5170574188232422,True,native-replica-1,
70,1766871010.8488786,2025-12-27T23:30:10.848879,1.6632080078125,True,native-replica-1,
71,1766871010.883047,2025-12-27T23:30:10.883047,1.0128021240234375,True,native-replica-1,
72,1766871010.9175825,2025-12-27T23:30:10.917583,1.5151500701904297,True,native-replica-1,
73,1766871010.9513204,2025-12-27T23:30:10.951320,1.3179779052734375,True,native-replica-1,
74,1766871010.985586,2025-12-27T23:30:10.985586,1.009225845336914,True,native-replica-1,
75,1766871011.0200644,2025-12-27T23:30:11.020064,1.5337467193603516,True,native-replica-1,
76,1766871011.053721,2025-12-27T23:30:11.053721,1.2810230255126953,True,native-replica-1,
77,1766871011.0877936,2025-12-27T23:30:11.087794,1.512289047241211,True,native-replica-1,
78,1766871011.121522,2025-12-27T23:30:11.121522,1.0085105895996094,True,native-replica-1,
79,1766871011.155841,2025-12-27T23:30:11.155841,0.9086132049560547,True,native-replica-1,
80,1766871011.19003,2025-12-27T23:30:11.190030,1.2667179107666016,True,native-replica-1,
81,1766871011.2242646,2025-12-27T23:30:11.224265,1.4798641204833984,True,native-replica-1,
82,1766871011.2578437,2025-12-27T23:30:11.257844,2.0067691802978516,True,native-replica-1,
83,1766871011.2913318,2025-12-27T23:30:11.291332,1.119852066040039,True,native-replica-1,
84,1766871011.325084,2025-12-27T23:30:11.325084,2.166748046875,True,native-replica-1,
85,1766871011.3590484,2025-12-27T23:30:11.359048,1.5151500701904297,True,native-replica-1,
86,1766871011.3933213,2025-12-27T23:30:11.393321,1.0073184967041016,True,native-replica-1,
87,1766871011.4278429,2025-12-27T23:30:11.427843,1.5096664428710938,True,native-replica-1,
88,1766871011.4617953,2025-12-27T23:30:11.461795,0.5047321319580078,True,native-replica-1,
89,1766871011.496896,2025-12-27T23:30:11.496896,1.6582012176513672,True,native-replica-1,
90,1766871011.5309942,2025-12-27T23:30:11.530994,1.0063648223876953,True,native-replica-1,
91,1766871011.5650523,2025-12-27T23:30:11.565052,1.5118122100830078,True,native-replica-1,
92,1766871011.5990174,2025-12-27T23:30:11.599017,1.5108585357666016,True,native-replica-1,
93,1766871011.6329405,2025-12-27T23:30:11.632941,1.0058879852294922,True,native-replica-1,
94,1766871011.6674652,2025-12-27T23:30:11.667465,1.5103816986083984,True,native-replica-1,
95,1766871011.7010949,2025-12-27T23:30:11.701095,1.0106563568115234,True,native-replica-1,
96,1766871011.73568,2025-12-27T23:30:11.735680,1.007080078125,True,native-replica-1,
97,1766871011.7702618,2025-12-27T23:30:11.770262,1.567840576171875,True,native-replica-1,
98,1766871011.804215,2025-12-27T23:30:11.804215,1.5115737915039062,True,native-replica-1,
99,1766871011.838454,2025-12-27T23:30:11.838454,0.5249977111816406,True,native-replica-1,
100,1766871011.8732288,2025-12-27T23:30:11.873229,2.3708343505859375,True,native-replica-1,
101,1766871011.9066703,2025-12-27T23:30:11.906670,1.0101795196533203,True,native-replica-1,
102,1766871011.9412303,2025-12-27T23:30:11.941230,0.8013248443603516,True,native-replica-1,
103,1766871011.9755538,2025-12-27T23:30:11.975554,1.2969970703125,True,native-replica-1,
104,1766871012.0096467,2025-12-27T23:30:12.009647,1.0063648223876953,True,native-replica-1,
105,1766871012.0439582,2025-12-27T23:30:12.043958,1.0111331939697266,True,native-replica-1,
106,1766871012.078439,2025-12-27T23:30:12.078439,1.5108585357666016,True,native-replica-1,
107,1766871012.1123118,2025-12-27T23:30:12.112312,1.7642974853515625,True,native-replica-1,
108,1766871012.1459048,2025-12-27T23:30:12.145905,1.5254020690917969,True,native-replica-1,
109,1766871012.179668,2025-12-27T23:30:12.179668,1.0075569152832031,True,native-replica-1,
110,1766871012.2144387,2025-12-27T23:30:12.214439,1.5876293182373047,True,native-replica-1,
111,1766871012.248215,2025-12-27T23:30:12.248215,1.5168190002441406,True,native-replica-1,
112,1766871012.2822888,2025-12-27T23:30:12.282289,1.428842544555664,True,native-replica-1,
113,1766871012.3163316,2025-12-27T23:30:12.316332,1.508951187133789,True,native-replica-1,
114,1766871012.3500152,2025-12-27T23:30:12.350015,1.032114028930664,True,native-replica-1,
115,1766871012.38433,2025-12-27T23:30:12.384330,1.0066032409667969,True,native-replica-1,
116,1766871012.4181545,2025-12-27T23:30:12.418154,1.5118122100830078,True,native-replica-1,
117,1766871012.4519093,2025-12-27T23:30:12.451909,1.5118122100830078,True,native-replica-1,
118,1766871012.4858289,2025-12-27T23:30:12.485829,0.60272216796875,True,native-replica-1,
119,1766871012.520923,2025-12-27T23:30:12.520923,2.148151397705078,True,native-replica-1,
120,1766871012.5545967,2025-12-27T23:30:12.554597,1.4622211456298828,True,native-replica-1,
121,1766871012.5884004,2025-12-27T23:30:12.588400,1.5110969543457031,True,native-replica-1,
122,1766871012.6221015,2025-12-27T23:30:12.622102,1.5239715576171875,True,native-replica-1,
123,1766871012.6559477,2025-12-27T23:30:12.655948,1.0104179382324219,True,native-replica-1,
124,1766871012.690208,2025-12-27T23:30:12.690208,1.0066032409667969,True,native-replica-1,
125,1766871012.724568,2025-12-27T23:30:12.724568,1.4348030090332031,True,native-replica-1,
126,1766871012.7582843,2025-12-27T23:30:12.758284,1.0106563568115234,True,native-replica-1,
127,1766871012.7928972,2025-12-27T23:30:12.792897,1.5115737915039062,True,native-replica-1,
128,1766871012.8266165,2025-12-27T23:30:12.826617,1.5239715576171875,True,native-replica-1,
129,1766871012.8603568,2025-12-27T23:30:12.860357,0.7793903350830078,True,native-replica-1,
130,1766871012.89491,2025-12-27T23:30:12.894910,1.0056495666503906,True,native-replica-1,
131,1766871012.928337,2025-12-27T23:30:12.928337,1.0063648223876953,True,native-replica-1,
132,1766871012.9628272,2025-12-27T23:30:12.962827,2.006053924560547,True,native-replica-1,
133,1766871012.9968529,2025-12-27T23:30:12.996853,0.6411075592041016,True,native-replica-1,
134,1766871013.0318856,2025-12-27T23:30:13.031886,1.802682876586914,True,native-replica-1,
135,1766871013.0656745,2025-12-27T23:30:13.065675,1.5115737915039062,True,native-replica-1,
136,1766871013.099478,2025-12-27T23:30:13.099478,0.5047321319580078,True,native-replica-1,
137,1766871013.1342201,2025-12-27T23:30:13.134220,2.0067691802978516,True,native-replica-1,
138,1766871013.167888,2025-12-27T23:30:13.167888,1.0180473327636719,True,native-replica-1,
139,1766871013.2020745,2025-12-27T23:30:13.202075,1.0058879852294922,True,native-replica-1,
140,1766871013.2365258,2025-12-27T23:30:13.236526,1.0061264038085938,True,native-replica-1,
141,1766871013.2708478,2025-12-27T23:30:13.270848,1.5151500701904297,True,native-replica-1,
142,1766871013.30457,2025-12-27T23:30:13.304570,1.1110305786132812,True,native-replica-1,
143,1766871013.3389459,2025-12-27T23:30:13.338946,0.9732246398925781,True,native-replica-1,
144,1766871013.3733122,2025-12-27T23:30:13.373312,1.8711090087890625,True,native-replica-1,
145,1766871013.4068186,2025-12-27T23:30:13.406819,1.0149478912353516,True,native-replica-1,
146,1766871013.4411044,2025-12-27T23:30:13.441104,1.5282630920410156,True,native-replica-1,
147,1766871013.4747891,2025-12-27T23:30:13.474789,1.0058879852294922,True,native-replica-1,
148,1766871013.509596,2025-12-27T23:30:13.509596,1.0223388671875,True,native-replica-1,
149,1766871013.5442681,2025-12-27T23:30:13.544268,1.7218589782714844,True,native-replica-1,
150,1766871013.5778408,2025-12-27T23:30:13.577841,1.5375614166259766,True,native-replica-1,
151,1766871013.6116626,2025-12-27T23:30:13.611663,1.705169677734375,True,native-replica-1,
152,1766871013.6452284,2025-12-27T23:30:13.645228,1.5113353729248047,True,native-replica-1,
153,1766871013.6792183,2025-12-27T23:30:13.679218,1.0073184967041016,True,native-replica-1,
154,1766871013.7134407,2025-12-27T23:30:13.713441,0.9987354278564453,True,native-replica-1,
155,1766871013.747952,2025-12-27T23:30:13.747952,1.5583038330078125,True,native-replica-1,
156,1766871013.7822356,2025-12-27T23:30:13.782236,1.5110969543457031,True,native-replica-1,
157,1766871013.8157783,2025-12-27T23:30:13.815778,0.8859634399414062,True,native-replica-1,
158,1766871013.8500373,2025-12-27T23:30:13.850037,1.5285015106201172,True,native-replica-1,
159,1766871013.8838377,2025-12-27T23:30:13.883838,1.3959407806396484,True,native-replica-1,
160,1766871013.9179578,2025-12-27T23:30:13.917958,1.5115737915039062,True,native-replica-1,
161,1766871013.9516773,2025-12-27T23:30:13.951677,1.371145248413086,True,native-replica-1,
162,1766871013.9854095,2025-12-27T23:30:13.985409,1.4486312866210938,True,native-replica-1,
163,1766871014.0196831,2025-12-27T23:30:14.019683,1.0073184967041016,True,native-replica-1,
164,1766871014.0542157,2025-12-27T23:30:14.054216,1.0101795196533203,True,native-replica-1,
165,1766871014.0888402,2025-12-27T23:30:14.088840,0.8881092071533203,True,native-replica-1,
166,1766871014.1233933,2025-12-27T23:30:14.123393,1.5101432800292969,True,native-replica-1,
167,1766871014.157966,2025-12-27T23:30:14.157966,2.00653076171875,True,native-replica-1,
168,1766871014.1918445,2025-12-27T23:30:14.191844,1.0061264038085938,True,native-replica-1,
169,1766871014.226359,2025-12-27T23:30:14.226359,1.0061264038085938,True,native-replica-1,
170,1766871014.260895,2025-12-27T23:30:14.260895,1.005411148071289,True,native-replica-1,
171,1766871014.2952125,2025-12-27T23:30:14.295213,1.5101432800292969,True,native-replica-1,
172,1766871014.3292332,2025-12-27T23:30:14.329233,1.5108585357666016,True,native-replica-1,
173,1766871014.3632581,2025-12-27T23:30:14.363258,1.5106201171875,True,native-replica-1,
174,1766871014.3967876,2025-12-27T23:30:14.396788,2.0055770874023438,True,native-replica-1,
175,1766871014.430388,2025-12-27T23:30:14.430388,1.5106201171875,True,native-replica-1,
176,1766871014.4640126,2025-12-27T23:30:14.464013,1.5571117401123047,True,native-replica-1,
177,1766871014.497843,2025-12-27T23:30:14.497843,1.6143321990966797,True,native-replica-1,
178,1766871014.5316436,2025-12-27T23:30:14.531644,1.3301372528076172,True,native-replica-1,
179,1766871014.5659785,2025-12-27T23:30:14.565979,1.5101432800292969,True,native-replica-1,
180,1766871014.5998015,2025-12-27T23:30:14.599802,1.0061264038085938,True,native-replica-1,
181,1766871014.6338158,2025-12-27T23:30:14.633816,1.5108585357666016,True,native-replica-1,
182,1766871014.6675036,2025-12-27T23:30:14.667504,1.0063648223876953,True,native-replica-1,
183,1766871014.7015643,2025-12-27T23:30:14.701564,1.5108585357666016,True,native-replica-1,
184,1766871014.735597,2025-12-27T23:30:14.735597,2.0058155059814453,True,native-replica-1,
185,1766871014.7696295,2025-12-27T23:30:14.769629,2.0062923431396484,True,native-replica-1,
186,1766871014.8032763,2025-12-27T23:30:14.803276,1.5113353729248047,True,native-replica-1,
187,1766871014.8368094,2025-12-27T23:30:14.836809,1.5101432800292969,True,native-replica-1,
188,1766871014.870377,2025-12-27T23:30:14.870377,2.0079612731933594,True,native-replica-1,
189,1766871014.9038966,2025-12-27T23:30:14.903897,2.137422561645508,True,native-replica-1,
190,1766871014.9375608,2025-12-27T23:30:14.937561,1.0075569152832031,True,native-replica-1,
191,1766871014.972215,2025-12-27T23:30:14.972215,1.520395278930664,True,native-replica-1,
192,1766871015.0064883,2025-12-27T23:30:15.006488,1.519918441772461,True,native-replica-1,
193,1766871015.040375,2025-12-27T23:30:15.040375,1.5189647674560547,True,native-replica-1,
194,1766871015.0744436,2025-12-27T23:30:15.074444,1.0116100311279297,True,native-replica-1,
195,1766871015.108967,2025-12-27T23:30:15.108967,1.0080337524414062,True,native-replica-1,
196,1766871015.1434958,2025-12-27T23:30:15.143496,0.5064010620117188,True,native-replica-1,
197,1766871015.1784496,2025-12-27T23:30:15.178450,1.5239715576171875,True,native-replica-1,
198,1766871015.2124798,2025-12-27T23:30:15.212480,1.0113716125488281,True,native-replica-1,
199,1766871015.2465417,2025-12-27T23:30:15.246542,1.5180110931396484,True,native-replica-1,
200,1766871015.2803304,2025-12-27T23:30:15.280330,1.5151500701904297,True,native-replica-1,
201,1766871015.3139641,2025-12-27T23:30:15.313964,1.5175342559814453,True,native-replica-1,
202,1766871015.3478153,2025-12-27T23:30:15.347815,1.5137195587158203,True,native-replica-1,
203,1766871015.3815148,2025-12-27T23:30:15.381515,1.5130043029785156,True,native-replica-1,
204,1766871015.4155257,2025-12-27T23:30:15.415526,1.6238689422607422,True,native-replica-1,
205,1766871015.4493542,2025-12-27T23:30:15.449354,1.516580581665039,True,native-replica-1,
206,1766871015.4833143,2025-12-27T23:30:15.483314,1.5130043029785156,True,native-replica-1,
207,1766871015.5173364,2025-12-27T23:30:15.517336,1.007080078125,True,native-replica-1,
208,1766871015.5517077,2025-12-27T23:30:15.551708,1.0075569152832031,True,native-replica-1,
209,1766871015.586045,2025-12-27T23:30:15.586045,1.0101795196533203,True,native-replica-1,
210,1766871015.620079,2025-12-27T23:30:15.620079,1.169443130493164,True,native-replica-1,
211,1766871015.6546865,2025-12-27T23:30:15.654686,2.0096302032470703,True,native-replica-1,
212,1766871015.6882136,2025-12-27T23:30:15.688214,1.5158653259277344,True,native-replica-1,
213,1766871015.722236,2025-12-27T23:30:15.722236,1.0068416595458984,True,native-replica-1,
214,1766871015.7564006,2025-12-27T23:30:15.756401,0.5233287811279297,True,native-replica-1,
215,1766871015.7913866,2025-12-27T23:30:15.791387,2.0067691802978516,True,native-replica-1,
216,1766871015.8249047,2025-12-27T23:30:15.824905,0.5042552947998047,True,native-replica-1,
217,1766871015.8594978,2025-12-27T23:30:15.859498,1.5106201171875,True,native-replica-1,
218,1766871015.8935223,2025-12-27T23:30:15.893522,1.5094280242919922,True,native-replica-1,
219,1766871015.9271276,2025-12-27T23:30:15.927128,0.766754150390625,True,native-replica-1,
220,1766871015.9617586,2025-12-27T23:30:15.961759,1.5099048614501953,True,native-replica-1,
221,1766871015.995288,2025-12-27T23:30:15.995288,1.0063648223876953,True,native-replica-1,
222,1766871016.029803,2025-12-27T23:30:16.029803,1.5108585357666016,True,native-replica-1,
223,1766871016.0633733,2025-12-27T23:30:16.063373,1.5206336975097656,True,native-replica-1,
224,1766871016.0970345,2025-12-27T23:30:16.097034,1.0066032409667969,True,native-replica-1,
225,1766871016.131061,2025-12-27T23:30:16.131061,1.005411148071289,True,native-replica-1,
226,1766871016.1650875,2025-12-27T23:30:16.165087,1.5108585357666016,True,native-replica-1,
227,1766871016.1992753,2025-12-27T23:30:16.199275,1.5113353729248047,True,native-replica-1,
228,1766871016.2331672,2025-12-27T23:30:16.233167,2.011537551879883,True,native-replica-1,
229,1766871016.2668312,2025-12-27T23:30:16.266831,2.5184154510498047,True,native-replica-1,
230,1766871016.3011677,2025-12-27T23:30:16.301168,1.018524169921875,True,native-replica-1,
231,1766871016.3355024,2025-12-27T23:30:16.335502,1.5113353729248047,True,native-replica-1,
232,1766871016.3695357,2025-12-27T23:30:16.369536,1.512765884399414,True,native-replica-1,
233,1766871016.4033926,2025-12-27T23:30:16.403393,1.0085105895996094,True,native-replica-1,
234,1766871016.4381196,2025-12-27T23:30:16.438120,1.5139579772949219,True,native-replica-1,
235,1766871016.4720688,2025-12-27T23:30:16.472069,1.0104179382324219,True,native-replica-1,
236,1766871016.5066,2025-12-27T23:30:16.506600,1.817464828491211,True,native-replica-1,
237,1766871016.5401344,2025-12-27T23:30:16.540134,2.006053924560547,True,native-replica-1,
238,1766871016.5739472,2025-12-27T23:30:16.573947,1.5115737915039062,True,native-replica-1,
239,1766871016.6078806,2025-12-27T23:30:16.607881,1.0056495666503906,True,native-replica-1,
240,1766871016.6422296,2025-12-27T23:30:16.642230,1.0063648223876953,True,native-replica-1,
241,1766871016.676759,2025-12-27T23:30:16.676759,1.5103816986083984,True,native-replica-1,
242,1766871016.7106383,2025-12-27T23:30:16.710638,1.0058879852294922,True,native-replica-1,
243,1766871016.744782,2025-12-27T23:30:16.744782,1.0063648223876953,True,native-replica-1,
244,1766871016.7794337,2025-12-27T23:30:16.779434,1.5103816986083984,True,native-replica-1,
245,1766871016.813091,2025-12-27T23:30:16.813091,1.6138553619384766,True,native-replica-1,
246,1766871016.8467822,2025-12-27T23:30:16.846782,1.0075569152832031,True,native-replica-1,
247,1766871016.8809097,2025-12-27T23:30:16.880910,1.0082721710205078,True,native-replica-1,
248,1766871016.9153934,2025-12-27T23:30:16.915393,1.0089874267578125,True,native-replica-1,
249,1766871016.9495382,2025-12-27T23:30:16.949538,1.6314983367919922,True,native-replica-1,
250,1766871016.9837122,2025-12-27T23:30:16.983712,1.5099048614501953,True,native-replica-1,
251,1766871017.0176508,2025-12-27T23:30:17.017651,1.0056495666503906,True,native-replica-1,
252,1766871017.0524218,2025-12-27T23:30:17.052422,1.5234947204589844,True,native-replica-1,
253,1766871017.0866323,2025-12-27T23:30:17.086632,1.0063648223876953,True,native-replica-1,
254,1766871017.1209412,2025-12-27T23:30:17.120941,1.007080078125,True,native-replica-1,
255,1766871017.1554797,2025-12-27T23:30:17.155480,1.0063648223876953,True,native-replica-1,
256,1766871017.1897066,2025-12-27T23:30:17.189707,1.5120506286621094,True,native-replica-1,
257,1766871017.2237344,2025-12-27T23:30:17.223734,1.5380382537841797,True,native-replica-1,
258,1766871017.257789,2025-12-27T23:30:17.257789,1.5239715576171875,True,native-replica-1,
259,1766871017.292082,2025-12-27T23:30:17.292082,1.653909683227539,True,native-replica-1,
260,1766871017.3260174,2025-12-27T23:30:17.326017,1.0061264038085938,True,native-replica-1,
261,1766871017.3606257,2025-12-27T23:30:17.360626,1.0085105895996094,True,native-replica-1,
262,1766871017.3951478,2025-12-27T23:30:17.395148,1.5382766723632812,True,native-replica-1,
263,1766871017.4291253,2025-12-27T23:30:17.429125,1.0063648223876953,True,native-replica-1,
264,1766871017.4634972,2025-12-27T23:30:17.463497,1.5103816986083984,True,native-replica-1,
265,1766871017.4971294,2025-12-27T23:30:17.497129,1.0061264038085938,True,native-replica-1,
266,1766871017.5316586,2025-12-27T23:30:17.531659,1.5125274658203125,True,native-replica-1,
267,1766871017.5652397,2025-12-27T23:30:17.565240,1.512765884399414,True,native-replica-1,
268,1766871017.5990684,2025-12-27T23:30:17.599068,1.0135173797607422,True,native-replica-1,
269,1766871017.6334198,2025-12-27T23:30:17.633420,1.5151500701904297,True,native-replica-1,
270,1766871017.6679645,2025-12-27T23:30:17.667964,1.5316009521484375,True,native-replica-1,
271,1766871017.7017412,2025-12-27T23:30:17.701741,1.5151500701904297,True,native-replica-1,
272,1766871017.7352946,2025-12-27T23:30:17.735295,1.5096664428710938,True,native-replica-1,
273,1766871017.7691681,2025-12-27T23:30:17.769168,3.008127212524414,True,native-replica-1,
274,1766871017.8030107,2025-12-27T23:30:17.803011,1.5106201171875,True,native-replica-1,
275,1766871017.8366404,2025-12-27T23:30:17.836640,1.0075569152832031,True,native-replica-1,
276,1766871017.870669,2025-12-27T23:30:17.870669,1.0080337524414062,True,native-replica-1,
277,1766871017.904976,2025-12-27T23:30:17.904976,1.5106201171875,True,native-replica-1,
278,1766871017.9390025,2025-12-27T23:30:17.939003,1.5113353729248047,True,native-replica-1,
279,1766871017.9727557,2025-12-27T23:30:17.972756,1.5115737915039062,True,native-replica-1,
280,1766871018.006527,2025-12-27T23:30:18.006527,1.007080078125,True,native-replica-1,
281,1766871018.0407553,2025-12-27T23:30:18.040755,1.5099048614501953,True,native-replica-1,
282,1766871018.0747945,2025-12-27T23:30:18.074795,1.007080078125,True,native-replica-1,
283,1766871018.1088061,2025-12-27T23:30:18.108806,1.5120506286621094,True,native-replica-1,
284,1766871018.142834,2025-12-27T23:30:18.142834,1.4197826385498047,True,native-replica-1,
285,1766871018.1771646,2025-12-27T23:30:18.177165,1.5110969543457031,True,native-replica-1,
286,1766871018.2111857,2025-12-27T23:30:18.211186,1.0061264038085938,True,native-replica-1,
287,1766871018.2454932,2025-12-27T23:30:18.245493,1.5101432800292969,True,native-replica-1,
288,1766871018.2790818,2025-12-27T23:30:18.279082,1.5108585357666016,True,native-replica-1,
289,1766871018.3131018,2025-12-27T23:30:18.313102,1.0066032409667969,True,native-replica-1,
290,1766871018.347522,2025-12-27T23:30:18.347522,1.007080078125,True,native-replica-1,
291,1766871018.3816555,2025-12-27T23:30:18.381655,2.00653076171875,True,native-replica-1,
292,1766871018.4156067,2025-12-27T23:30:18.415607,1.5287399291992188,True,native-replica-1,
293,1766871018.4493506,2025-12-27T23:30:18.449351,1.5308856964111328,True,native-replica-1,
294,1766871018.4831035,2025-12-27T23:30:18.483104,1.0066032409667969,True,native-replica-1,
295,1766871018.5166225,2025-12-27T23:30:18.516623,1.0094642639160156,True,native-replica-1,
296,1766871018.5512023,2025-12-27T23:30:18.551202,1.0075569152832031,True,native-replica-1,
297,1766871018.5855365,2025-12-27T23:30:18.585536,1.0068416595458984,True,native-replica-1,
298,1766871018.6200573,2025-12-27T23:30:18.620057,1.5106201171875,True,native-replica-1,
299,1766871018.654078,2025-12-27T23:30:18.654078,1.0063648223876953,True,native-replica-1,
300,1766871018.6886163,2025-12-27T23:30:18.688616,1.0066032409667969,True,native-replica-1,
301,1766871018.7231348,2025-12-27T23:30:18.723135,1.0066032409667969,True,native-replica-1,
302,1766871018.7576575,2025-12-27T23:30:18.757658,1.5103816986083984,True,native-replica-1,
303,1766871018.7911906,2025-12-27T23:30:18.791191,1.5110969543457031,True,native-replica-1,
304,1766871018.8249516,2025-12-27T23:30:18.824952,1.0061264038085938,True,native-replica-1,
305,1766871018.8592603,2025-12-27T23:30:18.859260,1.5113353729248047,True,native-replica-1,
306,1766871018.8931937,2025-12-27T23:30:18.893194,2.0074844360351562,True,native-replica-1,
307,1766871018.926711,2025-12-27T23:30:18.926711,1.5118122100830078,True,native-replica-1,
308,1766871018.960738,2025-12-27T23:30:18.960738,1.0046958923339844,True,native-replica-1,
309,1766871018.9950848,2025-12-27T23:30:18.995085,1.008749008178711,True,native-replica-1,
310,1766871019.02955,2025-12-27T23:30:19.029550,1.5201568603515625,True,native-replica-1,
311,1766871019.0635078,2025-12-27T23:30:19.063508,1.009225845336914,True,native-replica-1,
312,1766871019.0980542,2025-12-27T23:30:19.098054,1.0066032409667969,True,native-replica-1,
313,1766871019.1324263,2025-12-27T23:30:19.132426,1.6062259674072266,True,native-replica-1,
314,1766871019.1659856,2025-12-27T23:30:19.165986,1.0068416595458984,True,native-replica-1,
315,1766871019.2001605,2025-12-27T23:30:19.200161,1.0075569152832031,True,native-replica-1,
316,1766871019.2348757,2025-12-27T23:30:19.234876,1.5094280242919922,True,native-replica-1,
317,1766871019.2688997,2025-12-27T23:30:19.268900,1.508951187133789,True,native-replica-1,
318,1766871019.3029025,2025-12-27T23:30:19.302902,1.5094280242919922,True,native-replica-1,
319,1766871019.3364277,2025-12-27T23:30:19.336428,1.4598369598388672,True,native-replica-1,
320,1766871019.3704214,2025-12-27T23:30:19.370421,1.0063648223876953,True,native-replica-1,
321,1766871019.4049425,2025-12-27T23:30:19.404943,1.6155242919921875,True,native-replica-1,
322,1766871019.4390788,2025-12-27T23:30:19.439079,1.5146732330322266,True,native-replica-1,
323,1766871019.472773,2025-12-27T23:30:19.472773,1.5096664428710938,True,native-replica-1,
324,1766871019.5073018,2025-12-27T23:30:19.507302,1.0058879852294922,True,native-replica-1,
325,1766871019.5416596,2025-12-27T23:30:19.541660,1.0061264038085938,True,native-replica-1,
326,1766871019.5761998,2025-12-27T23:30:19.576200,1.007080078125,True,native-replica-1,
327,1766871019.6107788,2025-12-27T23:30:19.610779,1.5101432800292969,True,native-replica-1,
328,1766871019.6448054,2025-12-27T23:30:19.644805,1.5101432800292969,True,native-replica-1,
329,1766871019.6788518,2025-12-27T23:30:19.678852,1.5120506286621094,True,native-replica-1,
330,1766871019.7128747,2025-12-27T23:30:19.712875,1.5106201171875,True,native-replica-1,
331,1766871019.7468054,2025-12-27T23:30:19.746805,1.5099048614501953,True,native-replica-1,
332,1766871019.7808406,2025-12-27T23:30:19.780841,1.0066032409667969,True,native-replica-1,
333,1766871019.8153553,2025-12-27T23:30:19.815355,1.0058879852294922,True,native-replica-1,
334,1766871019.8498755,2025-12-27T23:30:19.849875,1.508951187133789,True,native-replica-1,
335,1766871019.8834052,2025-12-27T23:30:19.883405,1.5094280242919922,True,native-replica-1,
336,1766871019.9174302,2025-12-27T23:30:19.917430,1.5096664428710938,True,native-replica-1,
337,1766871019.9514487,2025-12-27T23:30:19.951449,1.007080078125,True,native-replica-1,
338,1766871019.9860442,2025-12-27T23:30:19.986044,1.0056495666503906,True,native-replica-1,
339,1766871020.020558,2025-12-27T23:30:20.020558,2.0151138305664062,True,native-replica-1,
340,1766871020.0541158,2025-12-27T23:30:20.054116,1.630544662475586,True,native-replica-1,
341,1766871020.0882757,2025-12-27T23:30:20.088276,1.007080078125,True,native-replica-1,
342,1766871020.1227963,2025-12-27T23:30:20.122796,1.5108585357666016,True,native-replica-1,
343,1766871020.1568668,2025-12-27T23:30:20.156867,1.007080078125,True,native-replica-1,
344,1766871020.191585,2025-12-27T23:30:20.191585,1.0085105895996094,True,native-replica-1,
345,1766871020.225852,2025-12-27T23:30:20.225852,1.0051727294921875,True,native-replica-1,
346,1766871020.2604883,2025-12-27T23:30:20.260488,1.5437602996826172,True,native-replica-1,
347,1766871020.2941728,2025-12-27T23:30:20.294173,1.5103816986083984,True,native-replica-1,
348,1766871020.3283613,2025-12-27T23:30:20.328361,1.1630058288574219,True,native-replica-1,
349,1766871020.3625891,2025-12-27T23:30:20.362589,1.0094642639160156,True,native-replica-1,
350,1766871020.3967543,2025-12-27T23:30:20.396754,1.0080337524414062,True,native-replica-1,
351,1766871020.4314945,2025-12-27T23:30:20.431494,1.5120506286621094,True,native-replica-1,
352,1766871020.4652991,2025-12-27T23:30:20.465299,1.0080337524414062,True,native-replica-1,
353,1766871020.499677,2025-12-27T23:30:20.499677,1.2226104736328125,True,native-replica-1,
354,1766871020.5341318,2025-12-27T23:30:20.534132,1.5110969543457031,True,native-replica-1,
355,1766871020.5683231,2025-12-27T23:30:20.568323,1.0075569152832031,True,native-replica-1,
356,1766871020.6028469,2025-12-27T23:30:20.602847,1.5110969543457031,True,native-replica-1,
357,1766871020.636377,2025-12-27T23:30:20.636377,1.0066032409667969,True,native-replica-1,
358,1766871020.6704068,2025-12-27T23:30:20.670407,1.5110969543457031,True,native-replica-1,
359,1766871020.7044282,2025-12-27T23:30:20.704428,1.4452934265136719,True,native-replica-1,
360,1766871020.7386281,2025-12-27T23:30:20.738628,1.5115737915039062,True,native-replica-1,
361,1766871020.7726529,2025-12-27T23:30:20.772653,0.5037784576416016,True,native-replica-1,
362,1766871020.8061807,2025-12-27T23:30:20.806181,2.0055770874023438,True,native-replica-1,
363,1766871020.8397,2025-12-27T23:30:20.839700,1.5177726745605469,True,native-replica-1,
364,1766871020.8732479,2025-12-27T23:30:20.873248,1.5113353729248047,True,native-replica-1,
365,1766871020.9068923,2025-12-27T23:30:20.906892,1.0068416595458984,True,native-replica-1,
366,1766871020.9416022,2025-12-27T23:30:20.941602,1.5101432800292969,True,native-replica-1,
367,1766871020.9756255,2025-12-27T23:30:20.975626,1.5101432800292969,True,native-replica-1,
368,1766871021.0098312,2025-12-27T23:30:21.009831,1.5103816986083984,True,native-replica-1,
369,1766871021.0443618,2025-12-27T23:30:21.044362,2.0072460174560547,True,native-replica-1,
370,1766871021.0783958,2025-12-27T23:30:21.078396,1.5201568603515625,True,native-replica-1,
371,1766871021.1124225,2025-12-27T23:30:21.112422,1.0068416595458984,True,native-replica-1,
372,1766871021.146448,2025-12-27T23:30:21.146448,1.5101432800292969,True,native-replica-1,
373,1766871021.180148,2025-12-27T23:30:21.180148,1.5099048614501953,True,native-replica-1,
374,1766871021.2136612,2025-12-27T23:30:21.213661,1.5101432800292969,True,native-replica-1,
375,1766871021.2476854,2025-12-27T23:30:21.247685,1.5108585357666016,True,native-replica-1,
376,1766871021.281721,2025-12-27T23:30:21.281721,1.0066032409667969,True,native-replica-1,
377,1766871021.3164155,2025-12-27T23:30:21.316416,1.0056495666503906,True,native-replica-1,
378,1766871021.3509398,2025-12-27T23:30:21.350940,1.5101432800292969,True,native-replica-1,
379,1766871021.3847198,2025-12-27T23:30:21.384720,1.5099048614501953,True,native-replica-1,
380,1766871021.4187376,2025-12-27T23:30:21.418738,1.6205310821533203,True,native-replica-1,
381,1766871021.4527178,2025-12-27T23:30:21.452718,1.0061264038085938,True,native-replica-1,
382,1766871021.4871392,2025-12-27T23:30:21.487139,1.0061264038085938,True,native-replica-1,
383,1766871021.5218704,2025-12-27T23:30:21.521870,1.0075569152832031,True,native-replica-1,
384,1766871021.5563087,2025-12-27T23:30:21.556309,1.5316009521484375,True,native-replica-1,
385,1766871021.5901988,2025-12-27T23:30:21.590199,1.007080078125,True,native-replica-1,
386,1766871021.62479,2025-12-27T23:30:21.624790,1.5101432800292969,True,native-replica-1,
387,1766871021.6588109,2025-12-27T23:30:21.658811,2.00653076171875,True,native-replica-1,
388,1766871021.692342,2025-12-27T23:30:21.692342,1.0063648223876953,True,native-replica-1,
389,1766871021.7268746,2025-12-27T23:30:21.726875,1.5137195587158203,True,native-replica-1,
390,1766871021.7610307,2025-12-27T23:30:21.761031,1.0099411010742188,True,native-replica-1,
391,1766871021.7954159,2025-12-27T23:30:21.795416,1.6283988952636719,True,native-replica-1,
392,1766871021.829562,2025-12-27T23:30:21.829562,1.5103816986083984,True,native-replica-1,
393,1766871021.8635867,2025-12-27T23:30:21.863587,1.0628700256347656,True,native-replica-1,
394,1766871021.8976643,2025-12-27T23:30:21.897664,1.5184879302978516,True,native-replica-1,
395,1766871021.9317195,2025-12-27T23:30:21.931720,0.5071163177490234,True,native-replica-1,
396,1766871021.9665768,2025-12-27T23:30:21.966577,1.5747547149658203,True,native-replica-1,
397,1766871022.000386,2025-12-27T23:30:22.000386,1.3470649719238281,True,native-replica-1,
398,1766871022.0342941,2025-12-27T23:30:22.034294,1.0063648223876953,True,native-replica-1,
399,1766871022.068816,2025-12-27T23:30:22.068816,1.5099048614501953,True,native-replica-1,
400,1766871022.1026537,2025-12-27T23:30:22.102654,1.0058879852294922,True,native-replica-1,
401,1766871022.1370506,2025-12-27T23:30:22.137051,2.0275115966796875,True,native-replica-1,
402,1766871022.171142,2025-12-27T23:30:22.171142,1.0061264038085938,True,native-replica-1,
403,1766871022.2056627,2025-12-27T23:30:22.205663,1.5118122100830078,True,native-replica-1,
404,1766871022.2391882,2025-12-27T23:30:22.239188,1.0066032409667969,True,native-replica-1,
405,1766871022.273712,2025-12-27T23:30:22.273712,1.5103816986083984,True,native-replica-1,
406,1766871022.3075259,2025-12-27T23:30:22.307526,1.5099048614501953,True,native-replica-1,
407,1766871022.34155,2025-12-27T23:30:22.341550,1.5120506286621094,True,native-replica-1,
408,1766871022.37559,2025-12-27T23:30:22.375590,1.005411148071289,True,native-replica-1,
409,1766871022.4101043,2025-12-27T23:30:22.410104,1.0068416595458984,True,native-replica-1,
410,1766871022.4441729,2025-12-27T23:30:22.444173,1.520395278930664,True,native-replica-1,
411,1766871022.478241,2025-12-27T23:30:22.478241,1.0068416595458984,True,native-replica-1,
412,1766871022.512869,2025-12-27T23:30:22.512869,1.5096664428710938,True,native-replica-1,
413,1766871022.546894,2025-12-27T23:30:22.546894,1.5096664428710938,True,native-replica-1,
414,1766871022.5809338,2025-12-27T23:30:22.580934,1.0061264038085938,True,native-replica-1,
415,1766871022.6154182,2025-12-27T23:30:22.615418,0.5049705505371094,True,native-replica-1,
416,1766871022.6499417,2025-12-27T23:30:22.649942,1.0063648223876953,True,native-replica-1,
417,1766871022.6841404,2025-12-27T23:30:22.684140,1.0061264038085938,True,native-replica-1,
418,1766871022.7181509,2025-12-27T23:30:22.718151,1.5113353729248047,True,native-replica-1,
419,1766871022.7521756,2025-12-27T23:30:22.752176,2.5107860565185547,True,native-replica-1,
420,1766871022.7863283,2025-12-27T23:30:22.786328,1.5094280242919922,True,native-replica-1,
421,1766871022.8203545,2025-12-27T23:30:22.820354,0.5042552947998047,True,native-replica-1,
422,1766871022.8553462,2025-12-27T23:30:22.855346,1.6467571258544922,True,native-replica-1,
423,1766871022.889044,2025-12-27T23:30:22.889044,1.5141963958740234,True,native-replica-1,
424,1766871022.9230936,2025-12-27T23:30:22.923094,2.010822296142578,True,native-replica-1,
425,1766871022.956699,2025-12-27T23:30:22.956699,1.5137195587158203,True,native-replica-1,
426,1766871022.9904096,2025-12-27T23:30:22.990410,1.0063648223876953,True,native-replica-1,
427,1766871023.0246775,2025-12-27T23:30:23.024678,1.0144710540771484,True,native-replica-1,
428,1766871023.0590155,2025-12-27T23:30:23.059016,1.5747547149658203,True,native-replica-1,
429,1766871023.0929472,2025-12-27T23:30:23.092947,1.0077953338623047,True,native-replica-1,
430,1766871023.127467,2025-12-27T23:30:23.127467,1.5130043029785156,True,native-replica-1,
431,1766871023.1612022,2025-12-27T23:30:23.161202,0.5042552947998047,True,native-replica-1,
432,1766871023.1959524,2025-12-27T23:30:23.195952,1.0075569152832031,True,native-replica-1,
433,1766871023.230563,2025-12-27T23:30:23.230563,1.5158653259277344,True,native-replica-1,
434,1766871023.2645872,2025-12-27T23:30:23.264587,1.5287399291992188,True,native-replica-1,
435,1766871023.2983108,2025-12-27T23:30:23.298311,1.5139579772949219,True,native-replica-1,
436,1766871023.3321505,2025-12-27T23:30:23.332150,1.0063648223876953,True,native-replica-1,
437,1766871023.3661814,2025-12-27T23:30:23.366181,1.0063648223876953,True,native-replica-1,
438,1766871023.40027,2025-12-27T23:30:23.400270,1.5034675598144531,True,native-replica-1,
439,1766871023.4343278,2025-12-27T23:30:23.434328,2.009153366088867,True,native-replica-1,
440,1766871023.4678493,2025-12-27T23:30:23.467849,1.007080078125,True,native-replica-1,
441,1766871023.5023699,2025-12-27T23:30:23.502370,0.5047321319580078,True,native-replica-1,
442,1766871023.5358672,2025-12-27T23:30:23.535867,1.0058879852294922,True,native-replica-1,
443,1766871023.5701866,2025-12-27T23:30:23.570187,1.5096664428710938,True,native-replica-1,
444,1766871023.6037009,2025-12-27T23:30:23.603701,1.5106201171875,True,native-replica-1,
445,1766871023.6377275,2025-12-27T23:30:23.637727,1.512289047241211,True,native-replica-1,
446,1766871023.6720388,2025-12-27T23:30:23.672039,2.0093917846679688,True,native-replica-1,
447,1766871023.70596,2025-12-27T23:30:23.705960,1.6078948974609375,True,native-replica-1,
448,1766871023.7399004,2025-12-27T23:30:23.739900,1.5957355499267578,True,native-replica-1,
449,1766871023.7736638,2025-12-27T23:30:23.773664,1.512765884399414,True,native-replica-1,
450,1766871023.8071811,2025-12-27T23:30:23.807181,1.0118484497070312,True,native-replica-1,
451,1766871023.8413863,2025-12-27T23:30:23.841386,1.005411148071289,True,native-replica-1,
452,1766871023.8754258,2025-12-27T23:30:23.875426,1.5096664428710938,True,native-replica-1,
453,1766871023.909446,2025-12-27T23:30:23.909446,1.0058879852294922,True,native-replica-1,
454,1766871023.943962,2025-12-27T23:30:23.943962,1.5106201171875,True,native-replica-1,
455,1766871023.9785056,2025-12-27T23:30:23.978506,1.007080078125,True,native-replica-1,
456,1766871024.0127568,2025-12-27T23:30:24.012757,1.5139579772949219,True,native-replica-1,
457,1766871024.046834,2025-12-27T23:30:24.046834,1.4867782592773438,True,native-replica-1,
458,1766871024.0808074,2025-12-27T23:30:24.080807,1.0132789611816406,True,native-replica-1,
459,1766871024.1151657,2025-12-27T23:30:24.115166,2.0122528076171875,True,native-replica-1,
460,1766871024.148971,2025-12-27T23:30:24.148971,1.0099411010742188,True,native-replica-1,
461,1766871024.1838925,2025-12-27T23:30:24.183892,1.2257099151611328,True,native-replica-1,
462,1766871024.2181945,2025-12-27T23:30:24.218194,2.180337905883789,True,native-replica-1,
463,1766871024.2521553,2025-12-27T23:30:24.252155,1.56402587890625,True,native-replica-1,
464,1766871024.2866566,2025-12-27T23:30:24.286657,4.541635513305664,True,native-replica-1,
465,1766871024.320506,2025-12-27T23:30:24.320506,1.5304088592529297,True,native-replica-1,
466,1766871024.354546,2025-12-27T23:30:24.354546,1.0080337524414062,True,native-replica-1,
467,1766871024.3890367,2025-12-27T23:30:24.389037,1.5132427215576172,True,native-replica-1,
468,1766871024.4230816,2025-12-27T23:30:24.423082,1.1544227600097656,True,native-replica-1,
469,1766871024.4573736,2025-12-27T23:30:24.457374,1.1072158813476562,True,native-replica-1,
470,1766871024.4915895,2025-12-27T23:30:24.491590,1.0116100311279297,True,native-replica-1,
471,1766871024.525942,2025-12-27T23:30:24.525942,1.7888545989990234,True,native-replica-1,
472,1766871024.5597558,2025-12-27T23:30:24.559756,1.3227462768554688,True,native-replica-1,
473,1766871024.5936902,2025-12-27T23:30:24.593690,1.6765594482421875,True,native-replica-1,
474,1766871024.6277504,2025-12-27T23:30:24.627750,1.0113716125488281,True,native-replica-1,
475,1766871024.6611288,2025-12-27T23:30:24.661129,1.0313987731933594,True,native-replica-1,
476,1766871024.6956072,2025-12-27T23:30:24.695607,1.302480697631836,True,native-replica-1,
477,1766871024.729496,2025-12-27T23:30:24.729496,1.0063648223876953,True,native-replica-1,
478,1766871024.7638264,2025-12-27T23:30:24.763826,1.5101432800292969,True,native-replica-1,
479,1766871024.7973604,2025-12-27T23:30:24.797360,1.5096664428710938,True,native-replica-1,
480,1766871024.8313804,2025-12-27T23:30:24.831380,0.5044937133789062,True,native-replica-1,
481,1766871024.8659334,2025-12-27T23:30:24.865933,1.5151500701904297,True,native-replica-1,
482,1766871024.8998616,2025-12-27T23:30:24.899862,1.5134811401367188,True,native-replica-1,
483,1766871024.9338849,2025-12-27T23:30:24.933885,1.5110969543457031,True,native-replica-1,
484,1766871024.9679048,2025-12-27T23:30:24.967905,1.0068416595458984,True,native-replica-1,
485,1766871025.0024266,2025-12-27T23:30:25.002427,1.5094280242919922,True,native-replica-1,
486,1766871025.0361114,2025-12-27T23:30:25.036111,1.750946044921875,True,native-replica-1,
487,1766871025.070189,2025-12-27T23:30:25.070189,1.0056495666503906,True,native-replica-1,
488,1766871025.1047683,2025-12-27T23:30:25.104768,2.0084381103515625,True,native-replica-1,
489,1766871025.1382847,2025-12-27T23:30:25.138285,1.5113353729248047,True,native-replica-1,
490,1766871025.1718771,2025-12-27T23:30:25.171877,1.523733139038086,True,native-replica-1,
491,1766871025.2059314,2025-12-27T23:30:25.205931,1.5108585357666016,True,native-replica-1,
492,1766871025.2399518,2025-12-27T23:30:25.239952,1.5101432800292969,True,native-replica-1,
493,1766871025.2740028,2025-12-27T23:30:25.274003,1.0151863098144531,True,native-replica-1,
494,1766871025.308527,2025-12-27T23:30:25.308527,1.0061264038085938,True,native-replica-1,
495,1766871025.3430476,2025-12-27T23:30:25.343048,1.5115737915039062,True,native-replica-1,
496,1766871025.3771484,2025-12-27T23:30:25.377148,1.512289047241211,True,native-replica-1,
497,1766871025.4111693,2025-12-27T23:30:25.411169,1.0058879852294922,True,native-replica-1,
498,1766871025.4452195,2025-12-27T23:30:25.445220,1.0097026824951172,True,native-replica-1,
499,1766871025.4797854,2025-12-27T23:30:25.479785,1.0120868682861328,True,native-replica-1,
500,1766871025.5143104,2025-12-27T23:30:25.514310,1.0097026824951172,True,native-replica-1,
501,1766871025.5488465,2025-12-27T23:30:25.548846,1.0101795196533203,True,native-replica-1,
502,1766871025.583288,2025-12-27T23:30:25.583288,1.5134811401367188,True,native-replica-1,
503,1766871025.6173198,2025-12-27T23:30:25.617320,1.0101795196533203,True,native-replica-1,
504,1766871025.6518571,2025-12-27T23:30:25.651857,1.0139942169189453,True,native-replica-1,
505,1766871025.6861458,2025-12-27T23:30:25.686146,1.0113716125488281,True,native-replica-1,
506,1766871025.7206695,2025-12-27T23:30:25.720670,2.008199691772461,True,native-replica-1,
507,1766871025.7565527,2025-12-27T23:30:25.756553,2.2630691528320312,True,native-replica-1,
508,1766871025.7901444,2025-12-27T23:30:25.790144,1.0094642639160156,True,native-replica-1,
509,1766871025.8247643,2025-12-27T23:30:25.824764,2.0117759704589844,True,native-replica-1,
510,1766871025.8584292,2025-12-27T23:30:25.858429,1.1184215545654297,True,native-replica-1,
511,1766871025.8926346,2025-12-27T23:30:25.892635,1.7840862274169922,True,native-replica-1,
512,1766871025.9263372,2025-12-27T23:30:25.926337,1.5325546264648438,True,native-replica-1,
513,1766871025.9599738,2025-12-27T23:30:25.959974,1.5101432800292969,True,native-replica-1,
514,1766871025.9937553,2025-12-27T23:30:25.993755,1.0089874267578125,True,native-replica-1,
515,1766871026.0282564,2025-12-27T23:30:26.028256,1.6553401947021484,True,native-replica-1,
516,1766871026.0619357,2025-12-27T23:30:26.061936,1.7733573913574219,True,native-replica-1,
517,1766871026.0959644,2025-12-27T23:30:26.095964,1.8968582153320312,True,native-replica-1,
518,1766871026.129803,2025-12-27T23:30:26.129803,1.6791820526123047,True,native-replica-1,
519,1766871026.1637714,2025-12-27T23:30:26.163771,1.5110969543457031,True,native-replica-1,
520,1766871026.1977942,2025-12-27T23:30:26.197794,1.2645721435546875,True,native-replica-1,
521,1766871026.2321641,2025-12-27T23:30:26.232164,1.5091896057128906,True,native-replica-1,
522,1766871026.2657204,2025-12-27T23:30:26.265720,1.5087127685546875,True,native-replica-1,
523,1766871026.300037,2025-12-27T23:30:26.300037,1.3573169708251953,True,native-replica-1,
524,1766871026.334283,2025-12-27T23:30:26.334283,1.0120868682861328,True,native-replica-1,
525,1766871026.3686767,2025-12-27T23:30:26.368677,0.5209445953369141,True,native-replica-1,
526,1766871026.403611,2025-12-27T23:30:26.403611,1.007080078125,True,native-replica-1,
527,1766871026.4381595,2025-12-27T23:30:26.438159,1.8854141235351562,True,native-replica-1,
528,1766871026.4718819,2025-12-27T23:30:26.471882,1.512765884399414,True,native-replica-1,
529,1766871026.506051,2025-12-27T23:30:26.506051,1.0066032409667969,True,native-replica-1,
530,1766871026.540535,2025-12-27T23:30:26.540535,1.007080078125,True,native-replica-1,
531,1766871026.5751333,2025-12-27T23:30:26.575133,1.5096664428710938,True,native-replica-1,
532,1766871026.6087716,2025-12-27T23:30:26.608772,1.5106201171875,True,native-replica-1,
533,1766871026.6425464,2025-12-27T23:30:26.642546,1.6911029815673828,True,native-replica-1,
534,1766871026.6765823,2025-12-27T23:30:26.676582,1.0080337524414062,True,native-replica-1,
535,1766871026.7112265,2025-12-27T23:30:26.711226,2.028226852416992,True,native-replica-1,
536,1766871026.7448547,2025-12-27T23:30:26.744855,1.5108585357666016,True,native-replica-1,
537,1766871026.7793212,2025-12-27T23:30:26.779321,1.4972686767578125,True,native-replica-1,
538,1766871026.8132856,2025-12-27T23:30:26.813286,1.5239715576171875,True,native-replica-1,
539,1766871026.8474133,2025-12-27T23:30:26.847413,4.6749114990234375,True,native-replica-1,
540,1766871026.8821137,2025-12-27T23:30:26.882114,2.8409957885742188,True,native-replica-1,
541,1766871026.9166934,2025-12-27T23:30:26.916693,4.513263702392578,True,native-replica-1,
542,1766871026.9505496,2025-12-27T23:30:26.950550,10.734319686889648,True,native-replica-1,
543,1766871026.984525,2025-12-27T23:30:26.984525,6.55817985534668,True,native-replica-1,
544,1766871027.0185611,2025-12-27T23:30:27.018561,4.8198699951171875,True,native-replica-1,
545,1766871027.0525353,2025-12-27T23:30:27.052535,1.5146732330322266,True,native-replica-1,
546,1766871027.0869987,2025-12-27T23:30:27.086999,1.203298568725586,True,native-replica-1,
547,1766871027.1217287,2025-12-27T23:30:27.121729,1.0099411010742188,True,native-replica-1,
548,1766871027.1559286,2025-12-27T23:30:27.155929,1.0967254638671875,True,native-replica-1,
549,1766871027.1903734,2025-12-27T23:30:27.190373,2.0096302032470703,True,native-replica-1,
550,1766871027.2239742,2025-12-27T23:30:27.223974,2.0055770874023438,True,native-replica-1,
551,1766871027.2577214,2025-12-27T23:30:27.257721,2.0051002502441406,True,native-replica-1,
552,1766871027.2915168,2025-12-27T23:30:27.291517,2.0051002502441406,True,native-replica-1,
553,1766871027.3253055,2025-12-27T23:30:27.325305,2.006053924560547,True,native-replica-1,
554,1766871027.3592215,2025-12-27T23:30:27.359221,1.5101432800292969,True,native-replica-1,
555,1766871027.3936162,2025-12-27T23:30:27.393616,1.0089874267578125,True,native-replica-1,
556,1766871027.4278505,2025-12-27T23:30:27.427850,1.007080078125,True,native-replica-1,
557,1766871027.4623291,2025-12-27T23:30:27.462329,1.5120506286621094,True,native-replica-1,
558,1766871027.4962032,2025-12-27T23:30:27.496203,0.5135536193847656,True,native-replica-1,
559,1766871027.53091,2025-12-27T23:30:27.530910,1.013040542602539,True,native-replica-1,
560,1766871027.5650928,2025-12-27T23:30:27.565093,1.5254020690917969,True,native-replica-1,
561,1766871027.5988154,2025-12-27T23:30:27.598815,1.0066032409667969,True,native-replica-1,
562,1766871027.633077,2025-12-27T23:30:27.633077,1.3756752014160156,True,native-replica-1,
563,1766871027.6668012,2025-12-27T23:30:27.666801,1.508951187133789,True,native-replica-1,
564,1766871027.70069,2025-12-27T23:30:27.700690,0.5049705505371094,True,native-replica-1,
565,1766871027.7353683,2025-12-27T23:30:27.735368,1.0077953338623047,True,native-replica-1,
566,1766871027.7690732,2025-12-27T23:30:27.769073,1.279592514038086,True,native-replica-1,
567,1766871027.8030899,2025-12-27T23:30:27.803090,1.104593276977539,True,native-replica-1,
568,1766871027.8373303,2025-12-27T23:30:27.837330,1.0082721710205078,True,native-replica-1,
569,1766871027.871373,2025-12-27T23:30:27.871373,1.5244483947753906,True,native-replica-1,
570,1766871027.9051163,2025-12-27T23:30:27.905116,0.5071163177490234,True,native-replica-1,
571,1766871027.9393961,2025-12-27T23:30:27.939396,1.5363693237304688,True,native-replica-1,
572,1766871027.9734628,2025-12-27T23:30:27.973463,1.3470649719238281,True,native-replica-1,
573,1766871028.007323,2025-12-27T23:30:28.007323,1.0080337524414062,True,native-replica-1,
574,1766871028.041406,2025-12-27T23:30:28.041406,1.5153884887695312,True,native-replica-1,
575,1766871028.075337,2025-12-27T23:30:28.075337,1.3842582702636719,True,native-replica-1,
576,1766871028.1089146,2025-12-27T23:30:28.108915,2.007722854614258,True,native-replica-1,
577,1766871028.1426327,2025-12-27T23:30:28.142633,1.512289047241211,True,native-replica-1,
578,1766871028.1770217,2025-12-27T23:30:28.177022,1.5130043029785156,True,native-replica-1,
579,1766871028.211046,2025-12-27T23:30:28.211046,2.0055770874023438,True,native-replica-1,
580,1766871028.2447922,2025-12-27T23:30:28.244792,1.0073184967041016,True,native-replica-1,
581,1766871028.2789462,2025-12-27T23:30:28.278946,1.0101795196533203,True,native-replica-1,
582,1766871028.3133352,2025-12-27T23:30:28.313335,0.5049705505371094,True,native-replica-1,
583,1766871028.3480358,2025-12-27T23:30:28.348036,1.51824951171875,True,native-replica-1,
584,1766871028.3819225,2025-12-27T23:30:28.381922,0.5080699920654297,True,native-replica-1,
585,1766871028.4166226,2025-12-27T23:30:28.416623,2.012014389038086,True,native-replica-1,
586,1766871028.450539,2025-12-27T23:30:28.450539,1.5189647674560547,True,native-replica-1,
587,1766871028.4842033,2025-12-27T23:30:28.484203,1.1034011840820312,True,native-replica-1,
588,1766871028.5181181,2025-12-27T23:30:28.518118,2.0101070404052734,True,native-replica-1,
589,1766871028.5519927,2025-12-27T23:30:28.551993,4.824399948120117,True,native-replica-1,
590,1766871028.5856748,2025-12-27T23:30:28.585675,7.074594497680664,True,native-replica-1,
591,1766871028.619686,2025-12-27T23:30:28.619686,15.431880950927734,True,native-replica-1,
592,1766871028.653919,2025-12-27T23:30:28.653919,9.061098098754883,True,native-replica-1,
593,1766871028.6879199,2025-12-27T23:30:28.687920,2.3534297943115234,True,native-replica-1,
594,1766871028.7219656,2025-12-27T23:30:28.721966,8.433103561401367,True,native-replica-1,
595,1766871028.7559805,2025-12-27T23:30:28.755980,2.971172332763672,True,native-replica-1,
596,1766871028.7898278,2025-12-27T23:30:28.789828,3.7136077880859375,True,native-replica-1,
597,1766871028.8235757,2025-12-27T23:30:28.823576,9.237527847290039,True,native-replica-1,
598,1766871028.8583517,2025-12-27T23:30:28.858352,17.666101455688477,True,native-replica-1,
599,1766871028.8927505,2025-12-27T23:30:28.892751,8.574724197387695,True,native-replica-1,
600,1766871028.9263034,2025-12-27T23:30:28.926303,1.7542839050292969,True,native-replica-1,
601,1766871028.9605353,2025-12-27T23:30:28.960535,6.231069564819336,True,native-replica-1,
602,1766871028.9951262,2025-12-27T23:30:28.995126,9.018182754516602,True,native-replica-1,
603,1766871029.0287852,2025-12-27T23:30:29.028785,5.948781967163086,True,native-replica-1,
604,1766871029.0628846,2025-12-27T23:30:29.062885,4.782676696777344,True,native-replica-1,
605,1766871029.0964725,2025-12-27T23:30:29.096473,14.045953750610352,True,native-replica-1,
606,1766871029.129931,2025-12-27T23:30:29.129931,4.1961669921875,True,native-replica-1,
607,1766871029.1640575,2025-12-27T23:30:29.164057,5.122184753417969,True,native-replica-1,
608,1766871029.1979332,2025-12-27T23:30:29.197933,4.225254058837891,True,native-replica-1,
609,1766871029.2326999,2025-12-27T23:30:29.232700,5.006074905395508,True,native-replica-1,
610,1766871029.2670722,2025-12-27T23:30:29.267072,3.9560794830322266,True,native-replica-1,
611,1766871029.3014688,2025-12-27T23:30:29.301469,10.291576385498047,True,native-replica-1,
612,1766871029.3353193,2025-12-27T23:30:29.335319,4.689216613769531,True,native-replica-1,
613,1766871029.3700905,2025-12-27T23:30:29.370090,12.014627456665039,True,native-replica-1,
614,1766871029.4038622,2025-12-27T23:30:29.403862,1.5099048614501953,True,native-replica-1,
615,1766871029.438019,2025-12-27T23:30:29.438019,5.102872848510742,True,native-replica-1,
616,1766871029.472576,2025-12-27T23:30:29.472576,1.0118484497070312,True,native-replica-1,
617,1766871029.506918,2025-12-27T23:30:29.506918,1.947641372680664,True,native-replica-1,
618,1766871029.5407343,2025-12-27T23:30:29.540734,1.2676715850830078,True,native-replica-1,
619,1766871029.5748565,2025-12-27T23:30:29.574857,1.51824951171875,True,native-replica-1,
620,1766871029.6090653,2025-12-27T23:30:29.609065,1.3628005981445312,True,native-replica-1,
621,1766871029.6429305,2025-12-27T23:30:29.642931,1.5192031860351562,True,native-replica-1,
622,1766871029.6767447,2025-12-27T23:30:29.676745,0.5102157592773438,True,native-replica-1,
623,1766871029.7114382,2025-12-27T23:30:29.711438,0.5066394805908203,True,native-replica-1,
624,1766871029.7459965,2025-12-27T23:30:29.745996,1.1730194091796875,True,native-replica-1,
625,1766871029.7807105,2025-12-27T23:30:29.780710,1.0080337524414062,True,native-replica-1,
626,1766871029.8147306,2025-12-27T23:30:29.814731,0.0,True,native-replica-1,
627,1766871029.849717,2025-12-27T23:30:29.849717,1.5206336975097656,True,native-replica-1,
628,1766871029.8833852,2025-12-27T23:30:29.883385,0.5087852478027344,True,native-replica-1,
629,1766871029.9178348,2025-12-27T23:30:29.917835,1.3885498046875,True,native-replica-1,
630,1766871029.9512737,2025-12-27T23:30:29.951274,0.5083084106445312,True,native-replica-1,
631,1766871029.9858334,2025-12-27T23:30:29.985833,1.0273456573486328,True,native-replica-1,
632,1766871030.0195792,2025-12-27T23:30:30.019579,1.0101795196533203,True,native-replica-1,
633,1766871030.0533307,2025-12-27T23:30:30.053331,1.0595321655273438,True,native-replica-1,
634,1766871030.0870988,2025-12-27T23:30:30.087099,1.0123252868652344,True,native-replica-1,
635,1766871030.1208057,2025-12-27T23:30:30.120806,0.5092620849609375,True,native-replica-1,
636,1766871030.155534,2025-12-27T23:30:30.155534,1.0159015655517578,True,native-replica-1,
637,1766871030.1893902,2025-12-27T23:30:30.189390,1.0149478912353516,True,native-replica-1,
638,1766871030.223516,2025-12-27T23:30:30.223516,1.0142326354980469,True,native-replica-1,
639,1766871030.2575796,2025-12-27T23:30:30.257580,1.0139942169189453,True,native-replica-1,
640,1766871030.2917504,2025-12-27T23:30:30.291750,1.0144710540771484,True,native-replica-1,
641,1766871030.3259993,2025-12-27T23:30:30.325999,1.016378402709961,True,native-replica-1,
642,1766871030.3599622,2025-12-27T23:30:30.359962,1.01470947265625,True,native-replica-1,
643,1766871030.393741,2025-12-27T23:30:30.393741,1.0151863098144531,True,native-replica-1,
644,1766871030.4277427,2025-12-27T23:30:30.427743,0.5166530609130859,True,native-replica-1,
645,1766871030.4623961,2025-12-27T23:30:30.462396,1.0139942169189453,True,native-replica-1,
646,1766871030.4964502,2025-12-27T23:30:30.496450,0.5171298980712891,True,native-replica-1,
647,1766871030.5304902,2025-12-27T23:30:30.530490,0.5164146423339844,True,native-replica-1,
648,1766871030.5644338,2025-12-27T23:30:30.564434,0.6914138793945312,True,native-replica-1,
649,1766871030.5989506,2025-12-27T23:30:30.598951,1.0144710540771484,True,native-replica-1,
650,1766871030.6330593,2025-12-27T23:30:30.633059,1.6314983367919922,True,native-replica-1,
651,1766871030.6665313,2025-12-27T23:30:30.666531,0.5218982696533203,True,native-replica-1,
652,1766871030.7013452,2025-12-27T23:30:30.701345,0.5173683166503906,True,native-replica-1,
653,1766871030.7358212,2025-12-27T23:30:30.735821,1.0199546813964844,True,native-replica-1,
654,1766871030.769545,2025-12-27T23:30:30.769545,0.5395412445068359,True,native-replica-1,
655,1766871030.8039837,2025-12-27T23:30:30.803984,1.2667179107666016,True,native-replica-1,
656,1766871030.8376803,2025-12-27T23:30:30.837680,1.0204315185546875,True,native-replica-1,
657,1766871030.8715928,2025-12-27T23:30:30.871593,1.0151863098144531,True,native-replica-1,
658,1766871030.9057827,2025-12-27T23:30:30.905783,1.0159015655517578,True,native-replica-1,
659,1766871030.939695,2025-12-27T23:30:30.939695,1.0144710540771484,True,native-replica-1,
660,1766871030.973561,2025-12-27T23:30:30.973561,1.52587890625,True,native-replica-1,
661,1766871031.0077987,2025-12-27T23:30:31.007799,2.263307571411133,True,native-replica-1,
662,1766871031.042045,2025-12-27T23:30:31.042045,1.0542869567871094,True,native-replica-1,
663,1766871031.076397,2025-12-27T23:30:31.076397,1.0175704956054688,True,native-replica-1,
664,1766871031.1108673,2025-12-27T23:30:31.110867,1.6627311706542969,True,native-replica-1,
665,1766871031.1443675,2025-12-27T23:30:31.144367,1.1017322540283203,True,native-replica-1,
666,1766871031.1783242,2025-12-27T23:30:31.178324,1.0120868682861328,True,native-replica-1,
667,1766871031.2122066,2025-12-27T23:30:31.212207,1.0161399841308594,True,native-replica-1,
668,1766871031.245917,2025-12-27T23:30:31.245917,1.1570453643798828,True,native-replica-1,
669,1766871031.2797494,2025-12-27T23:30:31.279749,1.4874935150146484,True,native-replica-1,
670,1766871031.313645,2025-12-27T23:30:31.313645,1.1715888977050781,True,native-replica-1,
671,1766871031.3475454,2025-12-27T23:30:31.347545,1.0135173797607422,False,native-replica-1,
672,1766871031.3816595,2025-12-27T23:30:31.381660,1.0113716125488281,False,native-replica-1,
673,1766871031.4154246,2025-12-27T23:30:31.415425,0.51116943359375,False,native-replica-1,
674,1766871031.4499688,2025-12-27T23:30:31.449969,1.0995864868164062,False,native-replica-1,
675,1766871031.4836354,2025-12-27T23:30:31.483635,1.0225772857666016,False,native-replica-1,
676,1766871031.5174146,2025-12-27T23:30:31.517415,1.0149478912353516,False,native-replica-1,
677,1766871031.551351,2025-12-27T23:30:31.551351,0.0,False,native-replica-1,
678,1766871031.586208,2025-12-27T23:30:31.586208,0.5176067352294922,False,native-replica-1,
679,1766871031.6202626,2025-12-27T23:30:31.620263,1.0151863098144531,False,native-replica-1,
680,1766871031.6543312,2025-12-27T23:30:31.654331,1.2555122375488281,False,native-replica-1,
681,1766871031.6882253,2025-12-27T23:30:31.688225,1.0128021240234375,False,native-replica-1,
682,1766871031.722215,2025-12-27T23:30:31.722215,1.4979839324951172,False,native-replica-1,
683,1766871031.7559397,2025-12-27T23:30:31.755940,1.0190010070800781,False,native-replica-1,
684,1766871031.789615,2025-12-27T23:30:31.789615,1.1806488037109375,False,native-replica-1,
685,1766871031.8233216,2025-12-27T23:30:31.823322,1.0099411010742188,False,native-replica-1,
686,1766871031.8573892,2025-12-27T23:30:31.857389,1.3041496276855469,False,native-replica-1,
687,1766871031.8911974,2025-12-27T23:30:31.891197,1.5261173248291016,False,native-replica-1,
688,1766871031.9249659,2025-12-27T23:30:31.924966,1.093149185180664,False,native-replica-1,
689,1766871031.9591146,2025-12-27T23:30:31.959115,1.0154247283935547,False,native-replica-1,
690,1766871031.9936016,2025-12-27T23:30:31.993602,1.0128021240234375,False,native-replica-1,
691,1766871032.027582,2025-12-27T23:30:32.027582,0.0,False,native-replica-1,
692,1766871032.0622947,2025-12-27T23:30:32.062295,1.5289783477783203,False,native-replica-1,
693,1766871032.0961382,2025-12-27T23:30:32.096138,1.0151863098144531,False,native-replica-1,
694,1766871032.1301773,2025-12-27T23:30:32.130177,1.012563705444336,False,native-replica-1,
695,1766871032.1643026,2025-12-27T23:30:32.164303,1.6450881958007812,False,native-replica-1,"<_InactiveRpcError of RPC that terminated with:
	status = StatusCode.CANCELLED
	details = ""CANCELLED""
	debug_error_string = ""UNKNOWN:Error received from peer  {grpc_status:1, grpc_message:""CANCELLED""}""
>"
696,1766871032.1993148,2025-12-27T23:30:32.199315,2296.3314056396484,False,native-replica-1,"<_InactiveRpcError of RPC that terminated with:
	status = StatusCode.UNAVAILABLE
	details = ""failed to connect to all addresses; last error: UNAVAILABLE: ipv4:127.0.0.1:50051: ConnectEx: Connection refused (No connection could be made because the target machine actively refused it.
 -- 10061)""
	debug_error_string = ""UNKNOWN:Error received from peer  {grpc_status:14, grpc_message:""failed to connect to all addresses; last error: UNAVAILABLE: ipv4:127.0.0.1:50051: ConnectEx: Connection refused (No connection could be made because the target machine actively refused it.\r\n -- 10061)""}""
>"
697,1766871034.4956462,2025-12-27T23:30:34.495646,0.0,False,native-replica-2,"<_InactiveRpcError of RPC that terminated with:
	status = StatusCode.UNAVAILABLE
	details = ""failed to connect to all addresses; last error: UNAVAILABLE: ipv4:127.0.0.1:50051: ConnectEx: Connection refused (No connection could be made because the target machine actively refused it.
 -- 10061)""
	debug_error_string = ""UNKNOWN:Error received from peer  {grpc_status:14, grpc_message:""failed to connect to all addresses; last error: UNAVAILABLE: ipv4:127.0.0.1:50051: ConnectEx: Connection refused (No connection could be made because the target machine actively refused it.\r\n -- 10061)""}""
>"
698,1766871034.5298457,2025-12-27T23:30:34.529846,0.0,True,native-replica-2,
699,1766871034.5637093,2025-12-27T23:30:34.563709,1.0073184967041016,True,native-replica-2,
700,1766871034.5978634,2025-12-27T23:30:34.597863,1.007080078125,True,native-replica-2,
701,1766871034.6320004,2025-12-27T23:30:34.632000,1.0066032409667969,True,native-replica-2,
702,1766871034.6657188,2025-12-27T23:30:34.665719,1.0073184967041016,True,native-replica-2,
703,1766871034.700358,2025-12-27T23:30:34.700358,1.0080337524414062,True,native-replica-2,
704,1766871034.734379,2025-12-27T23:30:34.734379,0.3180503845214844,True,native-replica-2,
705,1766871034.7689228,2025-12-27T23:30:34.768923,0.0,True,native-replica-2,
706,1766871034.8035474,2025-12-27T23:30:34.803547,1.1608600616455078,True,native-replica-2,
707,1766871034.837454,2025-12-27T23:30:34.837454,1.0063648223876953,True,native-replica-2,
708,1766871034.8714857,2025-12-27T23:30:34.871486,0.507354736328125,True,native-replica-2,
709,1766871034.9060237,2025-12-27T23:30:34.906024,1.0080337524414062,True,native-replica-2,
710,1766871034.9400563,2025-12-27T23:30:34.940056,1.0101795196533203,True,native-replica-2,
711,1766871034.9742074,2025-12-27T23:30:34.974207,2.0067691802978516,True,native-replica-2,
712,1766871035.0082684,2025-12-27T23:30:35.008268,2.012968063354492,True,native-replica-2,
713,1766871035.042331,2025-12-27T23:30:35.042331,2.008676528930664,True,native-replica-2,
714,1766871035.0763574,2025-12-27T23:30:35.076357,1.009225845336914,True,native-replica-2,
715,1766871035.1104023,2025-12-27T23:30:35.110402,1.0077953338623047,True,native-replica-2,
716,1766871035.1449313,2025-12-27T23:30:35.144931,1.1625289916992188,True,native-replica-2,
717,1766871035.1791213,2025-12-27T23:30:35.179121,1.0344982147216797,True,native-replica-2,
718,1766871035.2131314,2025-12-27T23:30:35.213131,0.5064010620117188,True,native-replica-2,
719,1766871035.247585,2025-12-27T23:30:35.247585,1.081705093383789,True,native-replica-2,
720,1766871035.2814016,2025-12-27T23:30:35.281402,1.007080078125,True,native-replica-2,
721,1766871035.3159206,2025-12-27T23:30:35.315921,1.008749008178711,True,native-replica-2,
722,1766871035.3500063,2025-12-27T23:30:35.350006,1.0075569152832031,True,native-replica-2,
723,1766871035.3846698,2025-12-27T23:30:35.384670,1.0502338409423828,True,native-replica-2,
724,1766871035.4184976,2025-12-27T23:30:35.418498,1.2197494506835938,True,native-replica-2,
725,1766871035.4527464,2025-12-27T23:30:35.452746,1.6486644744873047,True,native-replica-2,
726,1766871035.4863713,2025-12-27T23:30:35.486371,1.0080337524414062,True,native-replica-2,
727,1766871035.5205328,2025-12-27T23:30:35.520533,1.5268325805664062,True,native-replica-2,
728,1766871035.554541,2025-12-27T23:30:35.554541,1.5323162078857422,True,native-replica-2,
729,1766871035.5883703,2025-12-27T23:30:35.588370,2.0203590393066406,True,native-replica-2,
730,1766871035.622324,2025-12-27T23:30:35.622324,2.089977264404297,True,native-replica-2,
731,1766871035.656645,2025-12-27T23:30:35.656645,1.0094642639160156,True,native-replica-2,
732,1766871035.691078,2025-12-27T23:30:35.691078,1.5141963958740234,True,native-replica-2,
733,1766871035.7253103,2025-12-27T23:30:35.725310,2.0720958709716797,True,native-replica-2,
734,1766871035.759293,2025-12-27T23:30:35.759293,1.1153221130371094,True,native-replica-2,
735,1766871035.7935827,2025-12-27T23:30:35.793583,1.7848014831542969,True,native-replica-2,
736,1766871035.8273642,2025-12-27T23:30:35.827364,1.089334487915039,True,native-replica-2,
737,1766871035.8611927,2025-12-27T23:30:35.861193,2.44140625,True,native-replica-2,
738,1766871035.8948848,2025-12-27T23:30:35.894885,1.0151863098144531,True,native-replica-2,
739,1766871035.9294899,2025-12-27T23:30:35.929490,2.0155906677246094,True,native-replica-2,
740,1766871035.9630368,2025-12-27T23:30:35.963037,1.520395278930664,True,native-replica-2,
741,1766871035.9968936,2025-12-27T23:30:35.996894,1.2950897216796875,True,native-replica-2,
742,1766871036.0310605,2025-12-27T23:30:36.031060,1.5213489532470703,True,native-replica-2,
743,1766871036.0652828,2025-12-27T23:30:36.065283,1.0101795196533203,True,native-replica-2,
744,1766871036.0998447,2025-12-27T23:30:36.099845,2.00653076171875,True,native-replica-2,
745,1766871036.1333632,2025-12-27T23:30:36.133363,1.5149116516113281,True,native-replica-2,
746,1766871036.1675317,2025-12-27T23:30:36.167532,1.0073184967041016,True,native-replica-2,
747,1766871036.2020473,2025-12-27T23:30:36.202047,1.009225845336914,True,native-replica-2,
748,1766871036.2357087,2025-12-27T23:30:36.235709,1.0073184967041016,True,native-replica-2,
749,1766871036.2694728,2025-12-27T23:30:36.269473,0.5078315734863281,True,native-replica-2,
750,1766871036.304091,2025-12-27T23:30:36.304091,1.4717578887939453,True,native-replica-2,
751,1766871036.3375938,2025-12-27T23:30:36.337594,1.0101795196533203,True,native-replica-2,
752,1766871036.3714018,2025-12-27T23:30:36.371402,1.0099411010742188,True,native-replica-2,
753,1766871036.4056933,2025-12-27T23:30:36.405693,1.5141963958740234,True,native-replica-2,
754,1766871036.439695,2025-12-27T23:30:36.439695,1.5141963958740234,True,native-replica-2,
755,1766871036.4739966,2025-12-27T23:30:36.473997,1.5118122100830078,True,native-replica-2,
756,1766871036.5077755,2025-12-27T23:30:36.507776,1.0080337524414062,True,native-replica-2,
757,1766871036.5418234,2025-12-27T23:30:36.541823,0.507354736328125,True,native-replica-2,
758,1766871036.5761852,2025-12-27T23:30:36.576185,0.5054473876953125,True,native-replica-2,
759,1766871036.6112006,2025-12-27T23:30:36.611201,1.5180110931396484,True,native-replica-2,
760,1766871036.6448617,2025-12-27T23:30:36.644862,2.2089481353759766,True,native-replica-2,
761,1766871036.6788816,2025-12-27T23:30:36.678882,1.0082721710205078,True,native-replica-2,
762,1766871036.7128382,2025-12-27T23:30:36.712838,0.0,True,native-replica-2,
763,1766871036.747675,2025-12-27T23:30:36.747675,1.0075569152832031,True,native-replica-2,
764,1766871036.7812667,2025-12-27T23:30:36.781267,0.0,True,native-replica-2,
765,1766871036.8160148,2025-12-27T23:30:36.816015,0.5078315734863281,True,native-replica-2,
766,1766871036.8500493,2025-12-27T23:30:36.850049,0.0,True,native-replica-2,
767,1766871036.8843677,2025-12-27T23:30:36.884368,1.0104179382324219,True,native-replica-2,
768,1766871036.917782,2025-12-27T23:30:36.917782,0.0,True,native-replica-2,
769,1766871036.9524765,2025-12-27T23:30:36.952477,0.0,True,native-replica-2,
770,1766871036.9870243,2025-12-27T23:30:36.987024,0.0,True,native-replica-2,
771,1766871037.0214682,2025-12-27T23:30:37.021468,1.008749008178711,True,native-replica-2,
772,1766871037.055305,2025-12-27T23:30:37.055305,0.5121231079101562,True,native-replica-2,
773,1766871037.089354,2025-12-27T23:30:37.089354,0.0,True,native-replica-2,
774,1766871037.1238472,2025-12-27T23:30:37.123847,1.0080337524414062,True,native-replica-2,
775,1766871037.1583066,2025-12-27T23:30:37.158307,1.138448715209961,True,native-replica-2,
776,1766871037.192494,2025-12-27T23:30:37.192494,1.0077953338623047,True,native-replica-2,
777,1766871037.2265837,2025-12-27T23:30:37.226584,1.4066696166992188,True,native-replica-2,
778,1766871037.2600055,2025-12-27T23:30:37.260005,1.514434814453125,True,native-replica-2,
779,1766871037.2937121,2025-12-27T23:30:37.293712,2.941131591796875,True,native-replica-2,
780,1766871037.3271828,2025-12-27T23:30:37.327183,1.0635852813720703,True,native-replica-2,
781,1766871037.3617678,2025-12-27T23:30:37.361768,1.603841781616211,True,native-replica-2,
782,1766871037.3958673,2025-12-27T23:30:37.395867,1.2836456298828125,True,native-replica-2,
783,1766871037.4304357,2025-12-27T23:30:37.430436,2.010345458984375,True,native-replica-2,
784,1766871037.4642456,2025-12-27T23:30:37.464246,1.5196800231933594,True,native-replica-2,
785,1766871037.4984343,2025-12-27T23:30:37.498434,1.0080337524414062,True,native-replica-2,
786,1766871037.5331573,2025-12-27T23:30:37.533157,1.013040542602539,True,native-replica-2,
787,1766871037.5668583,2025-12-27T23:30:37.566858,1.5180110931396484,True,native-replica-2,
788,1766871037.6010938,2025-12-27T23:30:37.601094,2.0079612731933594,True,native-replica-2,
789,1766871037.6348813,2025-12-27T23:30:37.634881,1.0099411010742188,True,native-replica-2,
790,1766871037.6691983,2025-12-27T23:30:37.669198,1.0275840759277344,True,native-replica-2,
791,1766871037.703521,2025-12-27T23:30:37.703521,1.0333061218261719,True,native-replica-2,
792,1766871037.738178,2025-12-27T23:30:37.738178,1.0831356048583984,True,native-replica-2,
793,1766871037.7726245,2025-12-27T23:30:37.772624,1.8506050109863281,True,native-replica-2,
794,1766871037.8066273,2025-12-27T23:30:37.806627,2.0112991333007812,True,native-replica-2,
795,1766871037.8402035,2025-12-27T23:30:37.840204,2.0089149475097656,True,native-replica-2,
796,1766871037.874091,2025-12-27T23:30:37.874091,1.5168190002441406,True,native-replica-2,
797,1766871037.9081814,2025-12-27T23:30:37.908181,2.0084381103515625,True,native-replica-2,
798,1766871037.942028,2025-12-27T23:30:37.942028,1.0068416595458984,True,native-replica-2,
799,1766871037.9766328,2025-12-27T23:30:37.976633,2.0089149475097656,True,native-replica-2,
800,1766871038.0102024,2025-12-27T23:30:38.010202,1.0080337524414062,True,native-replica-2,
801,1766871038.0447876,2025-12-27T23:30:38.044788,1.2924671173095703,True,native-replica-2,
802,1766871038.0790777,2025-12-27T23:30:38.079078,1.0080337524414062,True,native-replica-2,
803,1766871038.113502,2025-12-27T23:30:38.113502,2.009868621826172,True,native-replica-2,
804,1766871038.1474466,2025-12-27T23:30:38.147447,1.2187957763671875,True,native-replica-2,
805,1766871038.1820393,2025-12-27T23:30:38.182039,1.556396484375,True,native-replica-2,
806,1766871038.2166088,2025-12-27T23:30:38.216609,1.3513565063476562,True,native-replica-2,
807,1766871038.2509637,2025-12-27T23:30:38.250964,1.5180110931396484,True,native-replica-2,
808,1766871038.2857313,2025-12-27T23:30:38.285731,1.3985633850097656,True,native-replica-2,
809,1766871038.3203325,2025-12-27T23:30:38.320333,1.0097026824951172,True,native-replica-2,
810,1766871038.3548317,2025-12-27T23:30:38.354832,2.0089149475097656,True,native-replica-2,
811,1766871038.388336,2025-12-27T23:30:38.388336,1.009225845336914,True,native-replica-2,
812,1766871038.42279,2025-12-27T23:30:38.422790,2.009153366088867,True,native-replica-2,
813,1766871038.4565146,2025-12-27T23:30:38.456515,2.0101070404052734,True,native-replica-2,
814,1766871038.4900615,2025-12-27T23:30:38.490062,1.0068416595458984,True,native-replica-2,
815,1766871038.5236366,2025-12-27T23:30:38.523637,2.010822296142578,True,native-replica-2,
816,1766871038.5571563,2025-12-27T23:30:38.557156,1.4538764953613281,True,native-replica-2,
817,1766871038.5905654,2025-12-27T23:30:38.590565,2.3446083068847656,True,native-replica-2,
818,1766871038.6244311,2025-12-27T23:30:38.624431,1.5101432800292969,True,native-replica-2,
819,1766871038.658751,2025-12-27T23:30:38.658751,2.253293991088867,True,native-replica-2,
820,1766871038.6925876,2025-12-27T23:30:38.692588,2.00653076171875,True,native-replica-2,
821,1766871038.726624,2025-12-27T23:30:38.726624,1.0106563568115234,True,native-replica-2,
822,1766871038.7613494,2025-12-27T23:30:38.761349,2.008199691772461,True,native-replica-2,
823,1766871038.795076,2025-12-27T23:30:38.795076,2.007722854614258,True,native-replica-2,
824,1766871038.8284786,2025-12-27T23:30:38.828479,2.0089149475097656,True,native-replica-2,
825,1766871038.8622057,2025-12-27T23:30:38.862206,1.0526180267333984,True,native-replica-2,
826,1766871038.896308,2025-12-27T23:30:38.896308,1.4743804931640625,True,native-replica-2,
827,1766871038.9301968,2025-12-27T23:30:38.930197,1.0082721710205078,True,native-replica-2,
828,1766871038.9645195,2025-12-27T23:30:38.964520,1.2886524200439453,True,native-replica-2,
829,1766871038.9994528,2025-12-27T23:30:38.999453,1.245260238647461,True,native-replica-2,
830,1766871039.034062,2025-12-27T23:30:39.034062,1.5189647674560547,True,native-replica-2,
831,1766871039.0683336,2025-12-27T23:30:39.068334,2.0155906677246094,True,native-replica-2,
832,1766871039.1023884,2025-12-27T23:30:39.102388,1.0111331939697266,True,native-replica-2,
833,1766871039.1368833,2025-12-27T23:30:39.136883,1.0118484497070312,True,native-replica-2,
834,1766871039.170843,2025-12-27T23:30:39.170843,1.5163421630859375,True,native-replica-2,
835,1766871039.2053783,2025-12-27T23:30:39.205378,1.009225845336914,True,native-replica-2,
836,1766871039.239837,2025-12-27T23:30:39.239837,1.0075569152832031,True,native-replica-2,
837,1766871039.2743964,2025-12-27T23:30:39.274396,2.0096302032470703,True,native-replica-2,
838,1766871039.3083024,2025-12-27T23:30:39.308302,1.5151500701904297,True,native-replica-2,
839,1766871039.342338,2025-12-27T23:30:39.342338,1.0156631469726562,True,native-replica-2,
840,1766871039.3768587,2025-12-27T23:30:39.376859,1.005411148071289,True,native-replica-2,
841,1766871039.411353,2025-12-27T23:30:39.411353,2.006053924560547,True,native-replica-2,
842,1766871039.445463,2025-12-27T23:30:39.445463,1.0063648223876953,True,native-replica-2,
843,1766871039.4797387,2025-12-27T23:30:39.479739,1.0066032409667969,True,native-replica-2,
844,1766871039.5138586,2025-12-27T23:30:39.513859,2.0110607147216797,True,native-replica-2,
845,1766871039.5473964,2025-12-27T23:30:39.547396,1.5239715576171875,True,native-replica-2,
846,1766871039.5811005,2025-12-27T23:30:39.581100,1.5110969543457031,True,native-replica-2,
847,1766871039.614931,2025-12-27T23:30:39.614931,1.0156631469726562,True,native-replica-2,
848,1766871039.648936,2025-12-27T23:30:39.648936,1.4390945434570312,True,native-replica-2,
849,1766871039.682913,2025-12-27T23:30:39.682913,1.0111331939697266,True,native-replica-2,
850,1766871039.7174177,2025-12-27T23:30:39.717418,1.5110969543457031,True,native-replica-2,
851,1766871039.751434,2025-12-27T23:30:39.751434,1.4154911041259766,True,native-replica-2,
852,1766871039.784961,2025-12-27T23:30:39.784961,1.0085105895996094,True,native-replica-2,
853,1766871039.8191757,2025-12-27T23:30:39.819176,1.5249252319335938,True,native-replica-2,
854,1766871039.8535707,2025-12-27T23:30:39.853571,2.0074844360351562,True,native-replica-2,
855,1766871039.8876421,2025-12-27T23:30:39.887642,2.0084381103515625,True,native-replica-2,
856,1766871039.9216075,2025-12-27T23:30:39.921607,1.5225410461425781,True,native-replica-2,
857,1766871039.9552865,2025-12-27T23:30:39.955287,1.0085105895996094,True,native-replica-2,
858,1766871039.9897823,2025-12-27T23:30:39.989782,1.0104179382324219,True,native-replica-2,
859,1766871040.0243766,2025-12-27T23:30:40.024377,1.5969276428222656,True,native-replica-2,
860,1766871040.0579233,2025-12-27T23:30:40.057923,1.6345977783203125,True,native-replica-2,
861,1766871040.0919163,2025-12-27T23:30:40.091916,1.0061264038085938,True,native-replica-2,
862,1766871040.1264386,2025-12-27T23:30:40.126439,1.508951187133789,True,native-replica-2,
863,1766871040.1606197,2025-12-27T23:30:40.160620,1.5146732330322266,True,native-replica-2,
864,1766871040.1947176,2025-12-27T23:30:40.194718,1.0085105895996094,True,native-replica-2,
865,1766871040.2292907,2025-12-27T23:30:40.229291,1.6314983367919922,True,native-replica-2,
866,1766871040.2627423,2025-12-27T23:30:40.262742,1.0750293731689453,True,native-replica-2,
867,1766871040.2967606,2025-12-27T23:30:40.296761,1.0457038879394531,True,native-replica-2,
868,1766871040.3308258,2025-12-27T23:30:40.330826,1.0080337524414062,True,native-replica-2,
869,1766871040.3654773,2025-12-27T23:30:40.365477,1.009225845336914,True,native-replica-2,
870,1766871040.4000227,2025-12-27T23:30:40.400023,1.007080078125,True,native-replica-2,
871,1766871040.4343538,2025-12-27T23:30:40.434354,1.0080337524414062,True,native-replica-2,
872,1766871040.4684458,2025-12-27T23:30:40.468446,1.5215873718261719,True,native-replica-2,
873,1766871040.50217,2025-12-27T23:30:40.502170,1.0077953338623047,True,native-replica-2,
874,1766871040.5366912,2025-12-27T23:30:40.536691,1.1568069458007812,True,native-replica-2,
875,1766871040.57087,2025-12-27T23:30:40.570870,1.0089874267578125,True,native-replica-2,
876,1766871040.605454,2025-12-27T23:30:40.605454,1.0097026824951172,True,native-replica-2,
877,1766871040.6396077,2025-12-27T23:30:40.639608,1.0113716125488281,True,native-replica-2,
878,1766871040.6736374,2025-12-27T23:30:40.673637,2.007007598876953,True,native-replica-2,
879,1766871040.7071657,2025-12-27T23:30:40.707166,2.007722854614258,True,native-replica-2,
880,1766871040.7413933,2025-12-27T23:30:40.741393,1.40380859375,True,native-replica-2,
881,1766871040.775354,2025-12-27T23:30:40.775354,1.1632442474365234,True,native-replica-2,
882,1766871040.8097541,2025-12-27T23:30:40.809754,1.0085105895996094,True,native-replica-2,
883,1766871040.844001,2025-12-27T23:30:40.844001,1.0066032409667969,True,native-replica-2,
884,1766871040.8781686,2025-12-27T23:30:40.878169,1.005411148071289,True,native-replica-2,
885,1766871040.9123511,2025-12-27T23:30:40.912351,1.2128353118896484,True,native-replica-2,
886,1766871040.9464252,2025-12-27T23:30:40.946425,1.007080078125,True,native-replica-2,
887,1766871040.9800892,2025-12-27T23:30:40.980089,1.5099048614501953,True,native-replica-2,
888,1766871041.0146258,2025-12-27T23:30:41.014626,1.3644695281982422,True,native-replica-2,
889,1766871041.0486534,2025-12-27T23:30:41.048653,1.188516616821289,True,native-replica-2,
890,1766871041.082862,2025-12-27T23:30:41.082862,1.0063648223876953,True,native-replica-2,
891,1766871041.11717,2025-12-27T23:30:41.117170,1.0111331939697266,True,native-replica-2,
892,1766871041.1511092,2025-12-27T23:30:41.151109,1.0287761688232422,True,native-replica-2,
893,1766871041.1852155,2025-12-27T23:30:41.185215,0.5247592926025391,True,native-replica-2,
894,1766871041.2198262,2025-12-27T23:30:41.219826,0.5133152008056641,True,native-replica-2,
895,1766871041.254458,2025-12-27T23:30:41.254458,1.0173320770263672,True,native-replica-2,
896,1766871041.2891426,2025-12-27T23:30:41.289143,1.6486644744873047,True,native-replica-2,
897,1766871041.3231187,2025-12-27T23:30:41.323119,1.007080078125,True,native-replica-2,
898,1766871041.35729,2025-12-27T23:30:41.357290,1.5213489532470703,True,native-replica-2,
899,1766871041.3908355,2025-12-27T23:30:41.390836,1.5141963958740234,True,native-replica-2,
900,1766871041.4243739,2025-12-27T23:30:41.424374,1.008749008178711,True,native-replica-2,
901,1766871041.458892,2025-12-27T23:30:41.458892,1.0066032409667969,True,native-replica-2,
902,1766871041.493113,2025-12-27T23:30:41.493113,0.5080699920654297,True,native-replica-2,
903,1766871041.5274932,2025-12-27T23:30:41.527493,1.0061264038085938,True,native-replica-2,
904,1766871041.5616412,2025-12-27T23:30:41.561641,2.007722854614258,True,native-replica-2,
905,1766871041.5952754,2025-12-27T23:30:41.595275,1.0857582092285156,True,native-replica-2,
906,1766871041.6290612,2025-12-27T23:30:41.629061,1.5087127685546875,True,native-replica-2,
907,1766871041.6631534,2025-12-27T23:30:41.663153,1.4739036560058594,True,native-replica-2,
908,1766871041.696766,2025-12-27T23:30:41.696766,1.1603832244873047,True,native-replica-2,
909,1766871041.73119,2025-12-27T23:30:41.731190,2.0084381103515625,True,native-replica-2,
910,1766871041.7652016,2025-12-27T23:30:41.765202,0.5123615264892578,True,native-replica-2,
911,1766871041.7997558,2025-12-27T23:30:41.799756,1.0120868682861328,True,native-replica-2,
912,1766871041.834287,2025-12-27T23:30:41.834287,1.5146732330322266,True,native-replica-2,
913,1766871041.8683193,2025-12-27T23:30:41.868319,1.5134811401367188,True,native-replica-2,
914,1766871041.90301,2025-12-27T23:30:41.903010,1.0077953338623047,True,native-replica-2,
915,1766871041.9376588,2025-12-27T23:30:41.937659,1.01470947265625,True,native-replica-2,
916,1766871041.9716713,2025-12-27T23:30:41.971671,1.5108585357666016,True,native-replica-2,
917,1766871042.0057695,2025-12-27T23:30:42.005769,2.006053924560547,True,native-replica-2,
918,1766871042.0393047,2025-12-27T23:30:42.039305,2.649068832397461,True,native-replica-2,
919,1766871042.0731246,2025-12-27T23:30:42.073125,1.010894775390625,True,native-replica-2,
920,1766871042.1072993,2025-12-27T23:30:42.107299,1.1203289031982422,True,native-replica-2,
921,1766871042.1417263,2025-12-27T23:30:42.141726,1.007080078125,True,native-replica-2,
922,1766871042.1757526,2025-12-27T23:30:42.175753,1.1417865753173828,True,native-replica-2,
923,1766871042.2101336,2025-12-27T23:30:42.210134,1.020669937133789,True,native-replica-2,
924,1766871042.2442524,2025-12-27T23:30:42.244252,1.007080078125,True,native-replica-2,
925,1766871042.2782876,2025-12-27T23:30:42.278288,1.0135173797607422,True,native-replica-2,
926,1766871042.3123996,2025-12-27T23:30:42.312400,1.726388931274414,True,native-replica-2,
927,1766871042.3469155,2025-12-27T23:30:42.346915,2.0067691802978516,True,native-replica-2,
928,1766871042.381087,2025-12-27T23:30:42.381087,6.384611129760742,True,native-replica-2,
929,1766871042.4147024,2025-12-27T23:30:42.414702,16.188859939575195,True,native-replica-2,
930,1766871042.4487662,2025-12-27T23:30:42.448766,1.9023418426513672,True,native-replica-2,
931,1766871042.482681,2025-12-27T23:30:42.482681,2.0079612731933594,True,native-replica-2,
932,1766871042.5165203,2025-12-27T23:30:42.516520,7.259845733642578,True,native-replica-2,
933,1766871042.5502167,2025-12-27T23:30:42.550217,2.510547637939453,True,native-replica-2,
934,1766871042.5840764,2025-12-27T23:30:42.584076,14.880657196044922,True,native-replica-2,
935,1766871042.6179287,2025-12-27T23:30:42.617929,4.441976547241211,True,native-replica-2,
936,1766871042.6524782,2025-12-27T23:30:42.652478,6.946086883544922,True,native-replica-2,
937,1766871042.6866934,2025-12-27T23:30:42.686693,13.577938079833984,True,native-replica-2,
938,1766871042.721478,2025-12-27T23:30:42.721478,2.164125442504883,True,native-replica-2,
939,1766871042.7559977,2025-12-27T23:30:42.755998,5.511045455932617,True,native-replica-2,
940,1766871042.7909167,2025-12-27T23:30:42.790917,8.86845588684082,True,native-replica-2,
941,1766871042.824784,2025-12-27T23:30:42.824784,16.64113998413086,True,native-replica-2,
942,1766871042.8598242,2025-12-27T23:30:42.859824,19.99950408935547,True,native-replica-2,
943,1766871042.8935282,2025-12-27T23:30:42.893528,15.062093734741211,True,native-replica-2,
944,1766871042.9277678,2025-12-27T23:30:42.927768,1.5113353729248047,True,native-replica-2,
945,1766871042.961777,2025-12-27T23:30:42.961777,3.553152084350586,True,native-replica-2,
946,1766871042.9960907,2025-12-27T23:30:42.996091,2.074003219604492,True,native-replica-2,
947,1766871043.030066,2025-12-27T23:30:43.030066,10.510683059692383,True,native-replica-2,
948,1766871043.0636985,2025-12-27T23:30:43.063699,1.9555091857910156,True,native-replica-2,
949,1766871043.0978281,2025-12-27T23:30:43.097828,1.0066032409667969,True,native-replica-2,
950,1766871043.1325333,2025-12-27T23:30:43.132533,12.551069259643555,True,native-replica-2,
951,1766871043.16621,2025-12-27T23:30:43.166210,62.88719177246094,True,native-replica-2,
952,1766871043.2290971,2025-12-27T23:30:43.229097,18.09239387512207,True,native-replica-2,
953,1766871043.2630281,2025-12-27T23:30:43.263028,1.3530254364013672,True,native-replica-2,
954,1766871043.29682,2025-12-27T23:30:43.296820,27.337074279785156,True,native-replica-2,
955,1766871043.3302884,2025-12-27T23:30:43.330288,11.476755142211914,True,native-replica-2,
956,1766871043.3641567,2025-12-27T23:30:43.364157,2.1309852600097656,True,native-replica-2,
957,1766871043.3975954,2025-12-27T23:30:43.397595,11.221885681152344,True,native-replica-2,
958,1766871043.4321902,2025-12-27T23:30:43.432190,2.7573108673095703,True,native-replica-2,
959,1766871043.4661772,2025-12-27T23:30:43.466177,44.73757743835449,True,native-replica-2,
960,1766871043.5109148,2025-12-27T23:30:43.510915,1.0864734649658203,True,native-replica-2,
961,1766871043.5448537,2025-12-27T23:30:43.544854,7.321357727050781,True,native-replica-2,
962,1766871043.5792246,2025-12-27T23:30:43.579225,20.894765853881836,True,native-replica-2,
963,1766871043.6137466,2025-12-27T23:30:43.613747,2.9516220092773438,True,native-replica-2,
964,1766871043.6482391,2025-12-27T23:30:43.648239,5.009174346923828,True,native-replica-2,
965,1766871043.6821268,2025-12-27T23:30:43.682127,1.4116764068603516,True,native-replica-2,
966,1766871043.7165644,2025-12-27T23:30:43.716564,8.754253387451172,True,native-replica-2,
967,1766871043.7507062,2025-12-27T23:30:43.750706,1.0085105895996094,True,native-replica-2,
968,1766871043.7850678,2025-12-27T23:30:43.785068,3.2663345336914062,True,native-replica-2,
969,1766871043.8192267,2025-12-27T23:30:43.819227,8.852720260620117,True,native-replica-2,
970,1766871043.8533375,2025-12-27T23:30:43.853338,17.858266830444336,True,native-replica-2,
971,1766871043.887103,2025-12-27T23:30:43.887103,13.875961303710938,True,native-replica-2,
972,1766871043.9210153,2025-12-27T23:30:43.921015,76.65657997131348,True,native-replica-2,
973,1766871043.9976718,2025-12-27T23:30:43.997672,61.42473220825195,True,native-replica-2,
974,1766871044.0590966,2025-12-27T23:30:44.059097,2.7043819427490234,True,native-replica-2,
975,1766871044.0931928,2025-12-27T23:30:44.093193,4.174470901489258,True,native-replica-2,
976,1766871044.1268964,2025-12-27T23:30:44.126896,2.516508102416992,True,native-replica-2,
977,1766871044.1606796,2025-12-27T23:30:44.160680,13.096332550048828,True,native-replica-2,
978,1766871044.1942406,2025-12-27T23:30:44.194241,22.495508193969727,True,native-replica-2,
979,1766871044.2281234,2025-12-27T23:30:44.228123,37.83130645751953,True,native-replica-2,
980,1766871044.2659547,2025-12-27T23:30:44.265955,2.7458667755126953,True,native-replica-2,
981,1766871044.299694,2025-12-27T23:30:44.299694,1.8537044525146484,True,native-replica-2,
982,1766871044.3336399,2025-12-27T23:30:44.333640,3.12042236328125,True,native-replica-2,
983,1766871044.3673556,2025-12-27T23:30:44.367356,3.674030303955078,True,native-replica-2,
984,1766871044.4012132,2025-12-27T23:30:44.401213,4.2667388916015625,True,native-replica-2,
985,1766871044.4350393,2025-12-27T23:30:44.435039,4.579067230224609,True,native-replica-2,
986,1766871044.4691756,2025-12-27T23:30:44.469176,9.800910949707031,True,native-replica-2,
987,1766871044.5035064,2025-12-27T23:30:44.503506,3.566741943359375,True,native-replica-2,
988,1766871044.5370505,2025-12-27T23:30:44.537050,2.4738311767578125,True,native-replica-2,
989,1766871044.5709598,2025-12-27T23:30:44.570960,204.5292854309082,True,native-replica-2,
990,1766871044.775489,2025-12-27T23:30:44.775489,2.801656723022461,True,native-replica-2,
991,1766871044.8094304,2025-12-27T23:30:44.809430,139.09101486206055,True,native-replica-2,
992,1766871044.9485214,2025-12-27T23:30:44.948521,2.360105514526367,True,native-replica-2,
993,1766871044.982942,2025-12-27T23:30:44.982942,56.69212341308594,True,native-replica-2,
994,1766871045.0396342,2025-12-27T23:30:45.039634,2.451658248901367,True,native-replica-2,
995,1766871045.0741496,2025-12-27T23:30:45.074150,14.487266540527344,True,native-replica-2,
996,1766871045.10823,2025-12-27T23:30:45.108230,7.885932922363281,True,native-replica-2,
997,1766871045.1419306,2025-12-27T23:30:45.141931,6.036043167114258,True,native-replica-2,
998,1766871045.1754503,2025-12-27T23:30:45.175450,5.125761032104492,True,native-replica-2,
999,1766871045.2100775,2025-12-27T23:30:45.210078,11.72327995300293,True,native-replica-2,
1000,1766871045.2436879,2025-12-27T23:30:45.243688,3.1499862670898438,True,native-replica-2,
1001,1766871045.2781806,2025-12-27T23:30:45.278181,5.32841682434082,True,native-replica-2,
1002,1766871045.3117714,2025-12-27T23:30:45.311771,7.4825286865234375,True,native-replica-2,
1003,1766871045.3456635,2025-12-27T23:30:45.345664,1.1463165283203125,True,native-replica-2,
1004,1766871045.3800025,2025-12-27T23:30:45.380002,2.015829086303711,True,native-replica-2,
1005,1766871045.413867,2025-12-27T23:30:45.413867,1.0120868682861328,True,native-replica-2,
1006,1766871045.4479544,2025-12-27T23:30:45.447954,1.0111331939697266,True,native-replica-2,
1007,1766871045.4963946,2025-12-27T23:30:45.496395,2.0895004272460938,True,native-replica-2,
1008,1766871045.5309172,2025-12-27T23:30:45.530917,1.005411148071289,True,native-replica-2,
1009,1766871045.5656192,2025-12-27T23:30:45.565619,1.0104179382324219,True,native-replica-2,
1010,1766871045.599683,2025-12-27T23:30:45.599683,0.5104541778564453,True,native-replica-2,
1011,1766871045.6342201,2025-12-27T23:30:45.634220,1.0082721710205078,True,native-replica-2,
1012,1766871045.668303,2025-12-27T23:30:45.668303,1.1515617370605469,True,native-replica-2,
1013,1766871045.7025042,2025-12-27T23:30:45.702504,0.5071163177490234,True,native-replica-2,
1014,1766871045.7370439,2025-12-27T23:30:45.737044,1.0068416595458984,True,native-replica-2,
1015,1766871045.771564,2025-12-27T23:30:45.771564,1.5146732330322266,True,native-replica-2,
1016,1766871045.8056169,2025-12-27T23:30:45.805617,0.5133152008056641,True,native-replica-2,
1017,1766871045.840177,2025-12-27T23:30:45.840177,1.0113716125488281,True,native-replica-2,
1018,1766871045.8743227,2025-12-27T23:30:45.874323,1.0068416595458984,True,native-replica-2,
1019,1766871045.908265,2025-12-27T23:30:45.908265,0.5080699920654297,True,native-replica-2,
1020,1766871045.9426024,2025-12-27T23:30:45.942602,1.0073184967041016,True,native-replica-2,
1021,1766871045.9766505,2025-12-27T23:30:45.976650,0.0,True,native-replica-2,
1022,1766871046.0110385,2025-12-27T23:30:46.011039,0.0,True,native-replica-2,
1023,1766871046.0458808,2025-12-27T23:30:46.045881,0.0,True,native-replica-2,
1024,1766871046.0805888,2025-12-27T23:30:46.080589,1.0082721710205078,True,native-replica-2,
1025,1766871046.1148603,2025-12-27T23:30:46.114860,0.0,True,native-replica-2,
1026,1766871046.1495903,2025-12-27T23:30:46.149590,0.0,True,native-replica-2,
1027,1766871046.1845236,2025-12-27T23:30:46.184524,1.0142326354980469,True,native-replica-2,
1028,1766871046.2180681,2025-12-27T23:30:46.218068,1.0075569152832031,True,native-replica-2,
1029,1766871046.252081,2025-12-27T23:30:46.252081,0.0,True,native-replica-2,
1030,1766871046.2869272,2025-12-27T23:30:46.286927,0.0,True,native-replica-2,
1031,1766871046.3220417,2025-12-27T23:30:46.322042,0.0,True,native-replica-2,
1032,1766871046.357108,2025-12-27T23:30:46.357108,1.0056495666503906,True,native-replica-2,
1033,1766871046.39115,2025-12-27T23:30:46.391150,1.0120868682861328,True,native-replica-2,
1034,1766871046.4256995,2025-12-27T23:30:46.425699,1.0094642639160156,True,native-replica-2,
1035,1766871046.4595292,2025-12-27T23:30:46.459529,1.0080337524414062,True,native-replica-2,
1036,1766871046.4940417,2025-12-27T23:30:46.494042,0.0,True,native-replica-2,
1037,1766871046.529231,2025-12-27T23:30:46.529231,0.5075931549072266,True,native-replica-2,
1038,1766871046.5636055,2025-12-27T23:30:46.563606,1.0082721710205078,True,native-replica-2,
1039,1766871046.597235,2025-12-27T23:30:46.597235,0.5633831024169922,True,native-replica-2,
1040,1766871046.631822,2025-12-27T23:30:46.631822,1.0066032409667969,True,native-replica-2,
1041,1766871046.6659853,2025-12-27T23:30:46.665985,0.5083084106445312,True,native-replica-2,
1042,1766871046.7005377,2025-12-27T23:30:46.700538,0.0,True,native-replica-2,
1043,1766871046.7353692,2025-12-27T23:30:46.735369,1.3148784637451172,True,native-replica-2,
1044,1766871046.7690008,2025-12-27T23:30:46.769001,1.5034675598144531,True,native-replica-2,
1045,1766871046.803505,2025-12-27T23:30:46.803505,1.714944839477539,True,native-replica-2,
1046,1766871046.8371737,2025-12-27T23:30:46.837174,1.733541488647461,True,native-replica-2,
1047,1766871046.870947,2025-12-27T23:30:46.870947,1.5175342559814453,True,native-replica-2,
1048,1766871046.9047542,2025-12-27T23:30:46.904754,1.7390251159667969,True,native-replica-2,
1049,1766871046.9382925,2025-12-27T23:30:46.938293,1.1813640594482422,True,native-replica-2,
1050,1766871046.9724958,2025-12-27T23:30:46.972496,1.3949871063232422,True,native-replica-2,
1051,1766871047.0062716,2025-12-27T23:30:47.006272,1.2793540954589844,True,native-replica-2,
1052,1766871047.0410445,2025-12-27T23:30:47.041044,1.8053054809570312,True,native-replica-2,
1053,1766871047.0748556,2025-12-27T23:30:47.074856,1.009225845336914,True,native-replica-2,
1054,1766871047.1091506,2025-12-27T23:30:47.109151,0.6909370422363281,True,native-replica-2,
1055,1766871047.1438894,2025-12-27T23:30:47.143889,0.9534358978271484,True,native-replica-2,
1056,1766871047.178243,2025-12-27T23:30:47.178243,1.2209415435791016,True,native-replica-2,
1057,1766871047.2129276,2025-12-27T23:30:47.212928,1.4832019805908203,True,native-replica-2,
1058,1766871047.2468388,2025-12-27T23:30:47.246839,1.0101795196533203,True,native-replica-2,
1059,1766871047.281335,2025-12-27T23:30:47.281335,1.6388893127441406,True,native-replica-2,
1060,1766871047.3149917,2025-12-27T23:30:47.314992,1.6999244689941406,True,native-replica-2,
1061,1766871047.348936,2025-12-27T23:30:47.348936,1.340627670288086,True,native-replica-2,
1062,1766871047.383127,2025-12-27T23:30:47.383127,1.7812252044677734,True,native-replica-2,
1063,1766871047.416871,2025-12-27T23:30:47.416871,1.2819766998291016,True,native-replica-2,
1064,1766871047.4511971,2025-12-27T23:30:47.451197,1.6407966613769531,True,native-replica-2,
1065,1766871047.4849079,2025-12-27T23:30:47.484908,1.7080307006835938,True,native-replica-2,
1066,1766871047.5183902,2025-12-27T23:30:47.518390,1.0082721710205078,True,native-replica-2,
1067,1766871047.552584,2025-12-27T23:30:47.552584,0.9183883666992188,True,native-replica-2,
1068,1766871047.5871496,2025-12-27T23:30:47.587150,1.7218589782714844,True,native-replica-2,
1069,1766871047.6209657,2025-12-27T23:30:47.620966,1.4147758483886719,True,native-replica-2,
1070,1766871047.654801,2025-12-27T23:30:47.654801,1.5301704406738281,True,native-replica-2,
1071,1766871047.6888106,2025-12-27T23:30:47.688811,1.2030601501464844,True,native-replica-2,
1072,1766871047.7232184,2025-12-27T23:30:47.723218,1.6529560089111328,True,native-replica-2,
1073,1766871047.7570837,2025-12-27T23:30:47.757084,1.5158653259277344,True,native-replica-2,
1074,1766871047.7909858,2025-12-27T23:30:47.790986,1.5125274658203125,True,native-replica-2,
1075,1766871047.824804,2025-12-27T23:30:47.824804,1.4336109161376953,True,native-replica-2,
1076,1766871047.858994,2025-12-27T23:30:47.858994,2.0110607147216797,True,native-replica-2,
1077,1766871047.8926826,2025-12-27T23:30:47.892683,1.5146732330322266,True,native-replica-2,
1078,1766871047.926812,2025-12-27T23:30:47.926812,1.0106563568115234,True,native-replica-2,
1079,1766871047.961181,2025-12-27T23:30:47.961181,1.8434524536132812,True,native-replica-2,
1080,1766871047.9951518,2025-12-27T23:30:47.995152,1.4493465423583984,True,native-replica-2,
1081,1766871048.0292525,2025-12-27T23:30:48.029253,1.0101795196533203,True,native-replica-2,
1082,1766871048.0637896,2025-12-27T23:30:48.063790,1.4410018920898438,True,native-replica-2,
1083,1766871048.097991,2025-12-27T23:30:48.097991,1.5194416046142578,True,native-replica-2,
1084,1766871048.1319256,2025-12-27T23:30:48.131926,1.024484634399414,True,native-replica-2,
1085,1766871048.1661375,2025-12-27T23:30:48.166137,1.0080337524414062,True,native-replica-2,
1086,1766871048.2003193,2025-12-27T23:30:48.200319,1.7578601837158203,True,native-replica-2,
1087,1766871048.2342558,2025-12-27T23:30:48.234256,1.0068416595458984,True,native-replica-2,
1088,1766871048.2687235,2025-12-27T23:30:48.268723,1.5299320220947266,True,native-replica-2,
1089,1766871048.3027925,2025-12-27T23:30:48.302793,1.012563705444336,True,native-replica-2,
1090,1766871048.3374233,2025-12-27T23:30:48.337423,1.516580581665039,True,native-replica-2,
1091,1766871048.37149,2025-12-27T23:30:48.371490,1.7573833465576172,True,native-replica-2,
1092,1766871048.4055328,2025-12-27T23:30:48.405533,1.4955997467041016,True,native-replica-2,
1093,1766871048.4395118,2025-12-27T23:30:48.439512,1.5151500701904297,True,native-replica-2,
1094,1766871048.4735754,2025-12-27T23:30:48.473575,1.0063648223876953,True,native-replica-2,
1095,1766871048.5081053,2025-12-27T23:30:48.508105,2.007722854614258,True,native-replica-2,
1096,1766871048.5422566,2025-12-27T23:30:48.542257,2.438783645629883,True,native-replica-2,
1097,1766871048.576113,2025-12-27T23:30:48.576113,1.0063648223876953,True,native-replica-2,
1098,1766871048.6109433,2025-12-27T23:30:48.610943,1.0073184967041016,True,native-replica-2,
1099,1766871048.6453338,2025-12-27T23:30:48.645334,0.5040168762207031,True,native-replica-2,
1100,1766871048.6800265,2025-12-27T23:30:48.680027,1.0075569152832031,True,native-replica-2,
1101,1766871048.7147102,2025-12-27T23:30:48.714710,1.0077953338623047,True,native-replica-2,
1102,1766871048.7491722,2025-12-27T23:30:48.749172,1.5139579772949219,True,native-replica-2,
1103,1766871048.7829494,2025-12-27T23:30:48.782949,0.9284019470214844,True,native-replica-2,
1104,1766871048.8172593,2025-12-27T23:30:48.817259,1.4798641204833984,True,native-replica-2,
1105,1766871048.8514214,2025-12-27T23:30:48.851421,1.5308856964111328,True,native-replica-2,
1106,1766871048.8852055,2025-12-27T23:30:48.885206,1.4464855194091797,True,native-replica-2,
1107,1766871048.9195547,2025-12-27T23:30:48.919555,1.5957355499267578,True,native-replica-2,
1108,1766871048.9535527,2025-12-27T23:30:48.953553,1.1568069458007812,True,native-replica-2,
1109,1766871048.9878483,2025-12-27T23:30:48.987848,1.4841556549072266,True,native-replica-2,
1110,1766871049.0220242,2025-12-27T23:30:49.022024,1.0063648223876953,True,native-replica-2,
1111,1766871049.0567703,2025-12-27T23:30:49.056770,1.3175010681152344,True,native-replica-2,
1112,1766871049.0910203,2025-12-27T23:30:49.091020,1.7733573913574219,True,native-replica-2,
1113,1766871049.124841,2025-12-27T23:30:49.124841,1.5118122100830078,True,native-replica-2,
1114,1766871049.1586225,2025-12-27T23:30:49.158623,1.5299320220947266,True,native-replica-2,
1115,1766871049.1925359,2025-12-27T23:30:49.192536,2.5157928466796875,True,native-replica-2,
1116,1766871049.226102,2025-12-27T23:30:49.226102,1.0094642639160156,True,native-replica-2,
1117,1766871049.260631,2025-12-27T23:30:49.260631,1.009225845336914,True,native-replica-2,
1118,1766871049.295159,2025-12-27T23:30:49.295159,1.5141963958740234,True,native-replica-2,
1119,1766871049.329248,2025-12-27T23:30:49.329248,4.259586334228516,True,native-replica-2,
1120,1766871049.363175,2025-12-27T23:30:49.363175,1.5308856964111328,True,native-replica-2,
1121,1766871049.3971026,2025-12-27T23:30:49.397103,0.5426406860351562,True,native-replica-2,
1122,1766871049.432212,2025-12-27T23:30:49.432212,1.2576580047607422,True,native-replica-2,
1123,1766871049.4665215,2025-12-27T23:30:49.466522,1.5110969543457031,True,native-replica-2,
1124,1766871049.5004895,2025-12-27T23:30:49.500489,1.0051727294921875,True,native-replica-2,
1125,1766871049.534991,2025-12-27T23:30:49.534991,2.0575523376464844,True,native-replica-2,
1126,1766871049.5689044,2025-12-27T23:30:49.568904,1.0056495666503906,True,native-replica-2,
1127,1766871049.603455,2025-12-27T23:30:49.603455,1.4967918395996094,True,native-replica-2,
1128,1766871049.6372828,2025-12-27T23:30:49.637283,0.5056858062744141,True,native-replica-2,
1129,1766871049.6720512,2025-12-27T23:30:49.672051,1.0066032409667969,True,native-replica-2,
1130,1766871049.7062416,2025-12-27T23:30:49.706242,1.0089874267578125,True,native-replica-2,
1131,1766871049.7407262,2025-12-27T23:30:49.740726,0.7243156433105469,True,native-replica-2,
1132,1766871049.7752855,2025-12-27T23:30:49.775285,2.0101070404052734,True,native-replica-2,
1133,1766871049.8090048,2025-12-27T23:30:49.809005,1.3835430145263672,True,native-replica-2,
1134,1766871049.8428855,2025-12-27T23:30:49.842885,1.5113353729248047,True,native-replica-2,
1135,1766871049.8765411,2025-12-27T23:30:49.876541,1.2359619140625,True,native-replica-2,
1136,1766871049.9106948,2025-12-27T23:30:49.910695,1.0066032409667969,True,native-replica-2,
1137,1766871049.945051,2025-12-27T23:30:49.945051,1.7549991607666016,True,native-replica-2,
1138,1766871049.979114,2025-12-27T23:30:49.979114,1.2192726135253906,True,native-replica-2,
1139,1766871050.0132482,2025-12-27T23:30:50.013248,1.4231204986572266,True,native-replica-2,
1140,1766871050.0471582,2025-12-27T23:30:50.047158,1.0075569152832031,True,native-replica-2,
1141,1766871050.0813627,2025-12-27T23:30:50.081363,1.0094642639160156,True,native-replica-2,
1142,1766871050.116041,2025-12-27T23:30:50.116041,1.0056495666503906,True,native-replica-2,
1143,1766871050.1503644,2025-12-27T23:30:50.150364,1.0058879852294922,True,native-replica-2,
1144,1766871050.1849265,2025-12-27T23:30:50.184927,1.4154911041259766,True,native-replica-2,
1145,1766871050.2187362,2025-12-27T23:30:50.218736,1.9176006317138672,True,native-replica-2,
1146,1766871050.2525244,2025-12-27T23:30:50.252524,2.0096302032470703,True,native-replica-2,
1147,1766871050.2864282,2025-12-27T23:30:50.286428,1.5935897827148438,True,native-replica-2,
1148,1766871050.319975,2025-12-27T23:30:50.319975,1.5115737915039062,True,native-replica-2,
1149,1766871050.3535209,2025-12-27T23:30:50.353521,1.4307498931884766,True,native-replica-2,
1150,1766871050.3875532,2025-12-27T23:30:50.387553,1.5151500701904297,True,native-replica-2,
1151,1766871050.4221525,2025-12-27T23:30:50.422153,1.514434814453125,True,native-replica-2,
1152,1766871050.456177,2025-12-27T23:30:50.456177,2.0093917846679688,True,native-replica-2,
1153,1766871050.490229,2025-12-27T23:30:50.490229,1.5115737915039062,True,native-replica-2,
1154,1766871050.5248077,2025-12-27T23:30:50.524808,1.5132427215576172,True,native-replica-2,
1155,1766871050.5588381,2025-12-27T23:30:50.558838,1.0077953338623047,True,native-replica-2,
1156,1766871050.5931067,2025-12-27T23:30:50.593107,1.512289047241211,True,native-replica-2,
1157,1766871050.6269438,2025-12-27T23:30:50.626944,1.5118122100830078,True,native-replica-2,
1158,1766871050.6609712,2025-12-27T23:30:50.660971,0.5042552947998047,True,native-replica-2,
1159,1766871050.6955335,2025-12-27T23:30:50.695534,1.4615058898925781,True,native-replica-2,
1160,1766871050.729467,2025-12-27T23:30:50.729467,1.4162063598632812,True,native-replica-2,
1161,1766871050.7636106,2025-12-27T23:30:50.763611,1.5141963958740234,True,native-replica-2,
1162,1766871050.7975144,2025-12-27T23:30:50.797514,1.1858940124511719,True,native-replica-2,
1163,1766871050.8320382,2025-12-27T23:30:50.832038,2.0112991333007812,True,native-replica-2,
1164,1766871050.8659048,2025-12-27T23:30:50.865905,1.5301704406738281,True,native-replica-2,
1165,1766871050.8996832,2025-12-27T23:30:50.899683,1.4295578002929688,True,native-replica-2,
1166,1766871050.933414,2025-12-27T23:30:50.933414,1.4247894287109375,True,native-replica-2,
1167,1766871050.9672084,2025-12-27T23:30:50.967208,1.512765884399414,True,native-replica-2,
1168,1766871051.0012085,2025-12-27T23:30:51.001209,1.6624927520751953,True,native-replica-2,
1169,1766871051.0346484,2025-12-27T23:30:51.034648,1.007080078125,True,native-replica-2,
1170,1766871051.0692086,2025-12-27T23:30:51.069209,1.0085105895996094,True,native-replica-2,
1171,1766871051.1036887,2025-12-27T23:30:51.103689,1.0747909545898438,True,native-replica-2,
1172,1766871051.1376698,2025-12-27T23:30:51.137670,1.813650131225586,True,native-replica-2,
1173,1766871051.171594,2025-12-27T23:30:51.171594,1.592874526977539,True,native-replica-2,
1174,1766871051.2052085,2025-12-27T23:30:51.205209,1.6014575958251953,True,native-replica-2,
1175,1766871051.2388167,2025-12-27T23:30:51.238817,1.0058879852294922,True,native-replica-2,
1176,1766871051.2730064,2025-12-27T23:30:51.273006,1.5113353729248047,True,native-replica-2,
1177,1766871051.3064797,2025-12-27T23:30:51.306480,0.8502006530761719,True,native-replica-2,
1178,1766871051.3410797,2025-12-27T23:30:51.341080,1.5113353729248047,True,native-replica-2,
1179,1766871051.3751545,2025-12-27T23:30:51.375154,1.0066032409667969,True,native-replica-2,
1180,1766871051.4086442,2025-12-27T23:30:51.408644,1.0061264038085938,True,native-replica-2,
1181,1766871051.4430413,2025-12-27T23:30:51.443041,2.014636993408203,True,native-replica-2,
1182,1766871051.4765925,2025-12-27T23:30:51.476593,1.390695571899414,True,native-replica-2,
1183,1766871051.51092,2025-12-27T23:30:51.510920,1.5115737915039062,True,native-replica-2,
1184,1766871051.544557,2025-12-27T23:30:51.544557,1.0068416595458984,True,native-replica-2,
1185,1766871051.5791366,2025-12-27T23:30:51.579137,1.5158653259277344,True,native-replica-2,
1186,1766871051.613249,2025-12-27T23:30:51.613249,1.5130043029785156,True,native-replica-2,
1187,1766871051.6477466,2025-12-27T23:30:51.647747,1.5110969543457031,True,native-replica-2,
1188,1766871051.6820242,2025-12-27T23:30:51.682024,1.512765884399414,True,native-replica-2,
1189,1766871051.715733,2025-12-27T23:30:51.715733,1.0135173797607422,True,native-replica-2,
1190,1766871051.7492955,2025-12-27T23:30:51.749295,2.0074844360351562,True,native-replica-2,
1191,1766871051.783108,2025-12-27T23:30:51.783108,2.0143985748291016,True,native-replica-2,
1192,1766871051.8172724,2025-12-27T23:30:51.817272,1.5254020690917969,True,native-replica-2,
1193,1766871051.8514218,2025-12-27T23:30:51.851422,1.8117427825927734,True,native-replica-2,
1194,1766871051.8850229,2025-12-27T23:30:51.885023,0.5044937133789062,True,native-replica-2,
1195,1766871051.9200046,2025-12-27T23:30:51.920005,1.5149116516113281,True,native-replica-2,
1196,1766871051.9538155,2025-12-27T23:30:51.953815,1.5130043029785156,True,native-replica-2,
1197,1766871051.9874456,2025-12-27T23:30:51.987446,1.5146732330322266,True,native-replica-2,
1198,1766871052.0212483,2025-12-27T23:30:52.021248,1.1854171752929688,True,native-replica-2,
1199,1766871052.0559597,2025-12-27T23:30:52.055960,1.0082721710205078,True,native-replica-2,
1200,1766871052.0904868,2025-12-27T23:30:52.090487,1.5132427215576172,True,native-replica-2,
1201,1766871052.1240942,2025-12-27T23:30:52.124094,1.5151500701904297,True,native-replica-2,
1202,1766871052.1581295,2025-12-27T23:30:52.158129,1.0066032409667969,True,native-replica-2,
1203,1766871052.1921744,2025-12-27T23:30:52.192174,1.6469955444335938,True,native-replica-2,
1204,1766871052.2259035,2025-12-27T23:30:52.225904,1.5201568603515625,True,native-replica-2,
1205,1766871052.2596154,2025-12-27T23:30:52.259615,1.5170574188232422,True,native-replica-2,
1206,1766871052.2935479,2025-12-27T23:30:52.293548,1.0085105895996094,True,native-replica-2,
1207,1766871052.3281636,2025-12-27T23:30:52.328164,1.0063648223876953,True,native-replica-2,
1208,1766871052.3626509,2025-12-27T23:30:52.362651,1.5437602996826172,True,native-replica-2,
1209,1766871052.3970313,2025-12-27T23:30:52.397031,1.0073184967041016,True,native-replica-2,
1210,1766871052.4313278,2025-12-27T23:30:52.431328,1.5137195587158203,True,native-replica-2,
1211,1766871052.4653134,2025-12-27T23:30:52.465313,1.0089874267578125,True,native-replica-2,
1212,1766871052.4997728,2025-12-27T23:30:52.499773,1.0111331939697266,True,native-replica-2,
1213,1766871052.5344477,2025-12-27T23:30:52.534448,1.5108585357666016,True,native-replica-2,
1214,1766871052.568322,2025-12-27T23:30:52.568322,1.5130043029785156,True,native-replica-2,
1215,1766871052.60208,2025-12-27T23:30:52.602080,2.0093917846679688,True,native-replica-2,
1216,1766871052.6358223,2025-12-27T23:30:52.635822,1.5118122100830078,True,native-replica-2,
1217,1766871052.669405,2025-12-27T23:30:52.669405,1.5168190002441406,True,native-replica-2,
1218,1766871052.703275,2025-12-27T23:30:52.703275,1.5103816986083984,True,native-replica-2,
1219,1766871052.73715,2025-12-27T23:30:52.737150,2.5141239166259766,True,native-replica-2,
1220,1766871052.7709074,2025-12-27T23:30:52.770907,1.6512870788574219,True,native-replica-2,
1221,1766871052.8046038,2025-12-27T23:30:52.804604,1.5587806701660156,True,native-replica-2,
1222,1766871052.838385,2025-12-27T23:30:52.838385,1.5151500701904297,True,native-replica-2,
1223,1766871052.8722475,2025-12-27T23:30:52.872247,1.514434814453125,True,native-replica-2,
1224,1766871052.9059653,2025-12-27T23:30:52.905965,1.641988754272461,True,native-replica-2,
1225,1766871052.9401412,2025-12-27T23:30:52.940141,1.5184879302978516,True,native-replica-2,
1226,1766871052.974414,2025-12-27T23:30:52.974414,1.2285709381103516,True,native-replica-2,
1227,1766871053.0090308,2025-12-27T23:30:53.009031,1.512765884399414,True,native-replica-2,
1228,1766871053.0428586,2025-12-27T23:30:53.042859,1.3070106506347656,True,native-replica-2,
1229,1766871053.0769963,2025-12-27T23:30:53.076996,1.5177726745605469,True,native-replica-2,
1230,1766871053.111241,2025-12-27T23:30:53.111241,1.865386962890625,True,native-replica-2,
1231,1766871053.1450214,2025-12-27T23:30:53.145021,1.0094642639160156,True,native-replica-2,
1232,1766871053.179324,2025-12-27T23:30:53.179324,1.0077953338623047,True,native-replica-2,
1233,1766871053.213863,2025-12-27T23:30:53.213863,1.5146732330322266,True,native-replica-2,
1234,1766871053.2476819,2025-12-27T23:30:53.247682,1.008749008178711,True,native-replica-2,
1235,1766871053.282013,2025-12-27T23:30:53.282013,1.5163421630859375,True,native-replica-2,
1236,1766871053.315994,2025-12-27T23:30:53.315994,1.0094642639160156,True,native-replica-2,
1237,1766871053.3503878,2025-12-27T23:30:53.350388,2.0089149475097656,True,native-replica-2,
1238,1766871053.3838596,2025-12-27T23:30:53.383860,1.4519691467285156,True,native-replica-2,
1239,1766871053.418049,2025-12-27T23:30:53.418049,1.4832019805908203,True,native-replica-2,
1240,1766871053.452154,2025-12-27T23:30:53.452154,1.6140937805175781,True,native-replica-2,
1241,1766871053.4860165,2025-12-27T23:30:53.486017,1.7888545989990234,True,native-replica-2,
1242,1766871053.5197282,2025-12-27T23:30:53.519728,1.0063648223876953,True,native-replica-2,
1243,1766871053.554227,2025-12-27T23:30:53.554227,1.0075569152832031,True,native-replica-2,
1244,1766871053.5883904,2025-12-27T23:30:53.588390,1.516580581665039,True,native-replica-2,
1245,1766871053.622188,2025-12-27T23:30:53.622188,1.0085105895996094,True,native-replica-2,
1246,1766871053.6566815,2025-12-27T23:30:53.656682,1.5113353729248047,True,native-replica-2,
1247,1766871053.690951,2025-12-27T23:30:53.690951,1.0280609130859375,True,native-replica-2,
1248,1766871053.725223,2025-12-27T23:30:53.725223,1.3766288757324219,True,native-replica-2,
1249,1766871053.7591193,2025-12-27T23:30:53.759119,0.8258819580078125,True,native-replica-2,
1250,1766871053.7933867,2025-12-27T23:30:53.793387,1.519918441772461,True,native-replica-2,
1251,1766871053.827499,2025-12-27T23:30:53.827499,1.4226436614990234,True,native-replica-2,
1252,1766871053.8614058,2025-12-27T23:30:53.861406,1.5163421630859375,True,native-replica-2,
1253,1766871053.8954167,2025-12-27T23:30:53.895417,1.6963481903076172,True,native-replica-2,
1254,1766871053.929046,2025-12-27T23:30:53.929046,1.8067359924316406,True,native-replica-2,
1255,1766871053.962865,2025-12-27T23:30:53.962865,1.7457008361816406,True,native-replica-2,
1256,1766871053.9964194,2025-12-27T23:30:53.996419,1.0106563568115234,True,native-replica-2,
1257,1766871054.0309584,2025-12-27T23:30:54.030958,1.0097026824951172,True,native-replica-2,
1258,1766871054.0656996,2025-12-27T23:30:54.065700,1.5478134155273438,True,native-replica-2,
1259,1766871054.0998108,2025-12-27T23:30:54.099811,1.0106563568115234,True,native-replica-2,
1260,1766871054.133582,2025-12-27T23:30:54.133582,2.012968063354492,True,native-replica-2,
1261,1766871054.167602,2025-12-27T23:30:54.167602,2.042531967163086,True,native-replica-2,
1262,1766871054.2017004,2025-12-27T23:30:54.201700,1.5130043029785156,True,native-replica-2,
1263,1766871054.236247,2025-12-27T23:30:54.236247,1.7478466033935547,True,native-replica-2,
1264,1766871054.2701929,2025-12-27T23:30:54.270193,1.7001628875732422,True,native-replica-2,
1265,1766871054.3040676,2025-12-27T23:30:54.304068,1.0066032409667969,True,native-replica-2,
1266,1766871054.3381574,2025-12-27T23:30:54.338157,1.5134811401367188,True,native-replica-2,
1267,1766871054.3718095,2025-12-27T23:30:54.371809,1.3573169708251953,True,native-replica-2,
1268,1766871054.4056985,2025-12-27T23:30:54.405699,1.5759468078613281,True,native-replica-2,
1269,1766871054.4396794,2025-12-27T23:30:54.439679,1.012563705444336,True,native-replica-2,
1270,1766871054.4739876,2025-12-27T23:30:54.473988,1.9054412841796875,True,native-replica-2,
1271,1766871054.5076585,2025-12-27T23:30:54.507658,1.0094642639160156,True,native-replica-2,
1272,1766871054.542294,2025-12-27T23:30:54.542294,1.3275146484375,True,native-replica-2,
1273,1766871054.5765593,2025-12-27T23:30:54.576559,1.0097026824951172,True,native-replica-2,
1274,1766871054.6110878,2025-12-27T23:30:54.611088,2.007722854614258,True,native-replica-2,
1275,1766871054.6447973,2025-12-27T23:30:54.644797,1.714944839477539,True,native-replica-2,
1276,1766871054.6787777,2025-12-27T23:30:54.678778,1.2772083282470703,True,native-replica-2,
1277,1766871054.7130957,2025-12-27T23:30:54.713096,1.7671585083007812,True,native-replica-2,
1278,1766871054.7472832,2025-12-27T23:30:54.747283,1.7330646514892578,True,native-replica-2,
1279,1766871054.7810547,2025-12-27T23:30:54.781055,7.5206756591796875,True,native-replica-2,
1280,1766871054.8153896,2025-12-27T23:30:54.815390,0.5059242248535156,True,native-replica-2,
1281,1766871054.8504415,2025-12-27T23:30:54.850441,1.5113353729248047,True,native-replica-2,
1282,1766871054.8844624,2025-12-27T23:30:54.884462,1.2133121490478516,True,native-replica-2,
1283,1766871054.918675,2025-12-27T23:30:54.918675,1.0437965393066406,True,native-replica-2,
1284,1766871054.9531214,2025-12-27T23:30:54.953121,1.4221668243408203,True,native-replica-2,
1285,1766871054.9868402,2025-12-27T23:30:54.986840,1.0066032409667969,True,native-replica-2,
1286,1766871055.021558,2025-12-27T23:30:55.021558,1.4691352844238281,True,native-replica-2,
1287,1766871055.0552711,2025-12-27T23:30:55.055271,1.4848709106445312,True,native-replica-2,
1288,1766871055.0889657,2025-12-27T23:30:55.088966,1.5120506286621094,True,native-replica-2,
1289,1766871055.1230867,2025-12-27T23:30:55.123087,1.0058879852294922,True,native-replica-2,
1290,1766871055.1576188,2025-12-27T23:30:55.157619,2.0067691802978516,True,native-replica-2,
1291,1766871055.191236,2025-12-27T23:30:55.191236,1.0063648223876953,True,native-replica-2,
1292,1766871055.225625,2025-12-27T23:30:55.225625,2.0084381103515625,True,native-replica-2,
1293,1766871055.2595353,2025-12-27T23:30:55.259535,2.0105838775634766,True,native-replica-2,
1294,1766871055.2935731,2025-12-27T23:30:55.293573,1.0106563568115234,True,native-replica-2,
1295,1766871055.328404,2025-12-27T23:30:55.328404,1.489877700805664,True,native-replica-2,
1296,1766871055.3625915,2025-12-27T23:30:55.362592,2.061128616333008,True,native-replica-2,
1297,1766871055.3966918,2025-12-27T23:30:55.396692,2.0079612731933594,True,native-replica-2,
1298,1766871055.4302385,2025-12-27T23:30:55.430238,2.0093917846679688,True,native-replica-2,
1299,1766871055.4641373,2025-12-27T23:30:55.464137,1.4748573303222656,True,native-replica-2,
1300,1766871055.4980493,2025-12-27T23:30:55.498049,2.0096302032470703,True,native-replica-2,
1301,1766871055.5317838,2025-12-27T23:30:55.531784,7.209300994873047,True,native-replica-2,
1302,1766871055.5657668,2025-12-27T23:30:55.565767,1.5158653259277344,True,native-replica-2,
1303,1766871055.5994594,2025-12-27T23:30:55.599459,1.8482208251953125,True,native-replica-2,
1304,1766871055.6333559,2025-12-27T23:30:55.633356,10.512828826904297,True,native-replica-2,
1305,1766871055.6668751,2025-12-27T23:30:55.666875,2.003192901611328,True,native-replica-2,
1306,1766871055.701235,2025-12-27T23:30:55.701235,0.5047321319580078,True,native-replica-2,
1307,1766871055.7360194,2025-12-27T23:30:55.736019,1.615285873413086,True,native-replica-2,
1308,1766871055.769914,2025-12-27T23:30:55.769914,1.51824951171875,True,native-replica-2,
1309,1766871055.8038344,2025-12-27T23:30:55.803834,1.0137557983398438,True,native-replica-2,
1310,1766871055.8379064,2025-12-27T23:30:55.837906,1.7867088317871094,True,native-replica-2,
1311,1766871055.8717527,2025-12-27T23:30:55.871753,1.5287399291992188,True,native-replica-2,
1312,1766871055.9058144,2025-12-27T23:30:55.905814,1.0058879852294922,True,native-replica-2,
1313,1766871055.9401698,2025-12-27T23:30:55.940170,1.0137557983398438,True,native-replica-2,
1314,1766871055.9746654,2025-12-27T23:30:55.974665,1.9392967224121094,True,native-replica-2,
1315,1766871056.008659,2025-12-27T23:30:56.008659,1.0118484497070312,True,native-replica-2,
1316,1766871056.0431976,2025-12-27T23:30:56.043198,1.4603137969970703,True,native-replica-2,
1317,1766871056.0771825,2025-12-27T23:30:56.077183,1.0068416595458984,True,native-replica-2,
1318,1766871056.1117494,2025-12-27T23:30:56.111749,1.7848014831542969,True,native-replica-2,
1319,1766871056.1454341,2025-12-27T23:30:56.145434,1.5337467193603516,True,native-replica-2,
1320,1766871056.179236,2025-12-27T23:30:56.179236,1.8734931945800781,True,native-replica-2,
1321,1766871056.213646,2025-12-27T23:30:56.213646,1.5244483947753906,True,native-replica-2,
1322,1766871056.2476933,2025-12-27T23:30:56.247693,1.489400863647461,True,native-replica-2,
1323,1766871056.281863,2025-12-27T23:30:56.281863,1.0066032409667969,True,native-replica-2,
1324,1766871056.3161166,2025-12-27T23:30:56.316117,1.0066032409667969,True,native-replica-2,
1325,1766871056.3506742,2025-12-27T23:30:56.350674,1.5120506286621094,True,native-replica-2,
1326,1766871056.384436,2025-12-27T23:30:56.384436,1.5139579772949219,True,native-replica-2,
1327,1766871056.4183345,2025-12-27T23:30:56.418334,2.007007598876953,True,native-replica-2,
1328,1766871056.4518344,2025-12-27T23:30:56.451834,1.5141963958740234,True,native-replica-2,
1329,1766871056.4855201,2025-12-27T23:30:56.485520,1.0073184967041016,True,native-replica-2,
1330,1766871056.5201938,2025-12-27T23:30:56.520194,1.0063648223876953,True,native-replica-2,
1331,1766871056.554725,2025-12-27T23:30:56.554725,1.5118122100830078,True,native-replica-2,
1332,1766871056.5886638,2025-12-27T23:30:56.588664,1.0068416595458984,True,native-replica-2,
1333,1766871056.623309,2025-12-27T23:30:56.623309,1.007080078125,True,native-replica-2,
1334,1766871056.657942,2025-12-27T23:30:56.657942,1.5137195587158203,True,native-replica-2,
1335,1766871056.6920197,2025-12-27T23:30:56.692020,1.5115737915039062,True,native-replica-2,
1336,1766871056.7258162,2025-12-27T23:30:56.725816,1.5134811401367188,True,native-replica-2,
1337,1766871056.7595742,2025-12-27T23:30:56.759574,1.0082721710205078,True,native-replica-2,
1338,1766871056.7938957,2025-12-27T23:30:56.793896,2.009153366088867,True,native-replica-2,
1339,1766871056.8274622,2025-12-27T23:30:56.827462,2.0084381103515625,True,native-replica-2,
1340,1766871056.8613012,2025-12-27T23:30:56.861301,1.0082721710205078,True,native-replica-2,
1341,1766871056.895585,2025-12-27T23:30:56.895585,1.2979507446289062,True,native-replica-2,
1342,1766871056.9295397,2025-12-27T23:30:56.929540,1.3375282287597656,True,native-replica-2,
1343,1766871056.9635465,2025-12-27T23:30:56.963547,1.458883285522461,True,native-replica-2,
1344,1766871056.9974887,2025-12-27T23:30:56.997489,2.0101070404052734,True,native-replica-2,
1345,1766871057.031424,2025-12-27T23:30:57.031424,1.0907649993896484,True,native-replica-2,
1346,1766871057.065902,2025-12-27T23:30:57.065902,1.0106563568115234,True,native-replica-2,
1347,1766871057.1002126,2025-12-27T23:30:57.100213,1.0116100311279297,True,native-replica-2,
1348,1766871057.134751,2025-12-27T23:30:57.134751,1.0068416595458984,True,native-replica-2,
1349,1766871057.1691792,2025-12-27T23:30:57.169179,1.5130043029785156,True,native-replica-2,
1350,1766871057.2030623,2025-12-27T23:30:57.203062,1.5115737915039062,True,native-replica-2,
1351,1766871057.2370791,2025-12-27T23:30:57.237079,1.5134811401367188,True,native-replica-2,
1352,1766871057.2709875,2025-12-27T23:30:57.270988,1.512289047241211,True,native-replica-2,
1353,1766871057.3050883,2025-12-27T23:30:57.305088,1.5134811401367188,True,native-replica-2,
1354,1766871057.3391616,2025-12-27T23:30:57.339162,1.5177726745605469,True,native-replica-2,
1355,1766871057.3732433,2025-12-27T23:30:57.373243,1.0066032409667969,True,native-replica-2,
1356,1766871057.4077694,2025-12-27T23:30:57.407769,1.8453598022460938,True,native-replica-2,
1357,1766871057.441435,2025-12-27T23:30:57.441435,1.119375228881836,True,native-replica-2,
1358,1766871057.475989,2025-12-27T23:30:57.475989,1.0061264038085938,True,native-replica-2,
1359,1766871057.5105505,2025-12-27T23:30:57.510550,1.5132427215576172,True,native-replica-2,
1360,1766871057.5445542,2025-12-27T23:30:57.544554,1.2645721435546875,True,native-replica-2,
1361,1766871057.5788684,2025-12-27T23:30:57.578868,0.5052089691162109,True,native-replica-2,
1362,1766871057.6138237,2025-12-27T23:30:57.613824,1.8458366394042969,True,native-replica-2,
1363,1766871057.6475027,2025-12-27T23:30:57.647503,1.007080078125,True,native-replica-2,
1364,1766871057.681631,2025-12-27T23:30:57.681631,1.0068416595458984,True,native-replica-2,
1365,1766871057.7156372,2025-12-27T23:30:57.715637,1.5125274658203125,True,native-replica-2,
1366,1766871057.7498982,2025-12-27T23:30:57.749898,1.0101795196533203,True,native-replica-2,
1367,1766871057.7839916,2025-12-27T23:30:57.783992,1.5141963958740234,True,native-replica-2,
1368,1766871057.8178043,2025-12-27T23:30:57.817804,1.5232563018798828,True,native-replica-2,
1369,1766871057.8516278,2025-12-27T23:30:57.851628,1.5234947204589844,True,native-replica-2,
1370,1766871057.8854365,2025-12-27T23:30:57.885437,2.0084381103515625,True,native-replica-2,
1371,1766871057.918917,2025-12-27T23:30:57.918917,1.0063648223876953,True,native-replica-2,
1372,1766871057.953295,2025-12-27T23:30:57.953295,1.0073184967041016,True,native-replica-2,
1373,1766871057.9874558,2025-12-27T23:30:57.987456,1.0068416595458984,True,native-replica-2,
1374,1766871058.0216885,2025-12-27T23:30:58.021688,1.6117095947265625,True,native-replica-2,
1375,1766871058.0555973,2025-12-27T23:30:58.055597,1.5783309936523438,True,native-replica-2,
1376,1766871058.089468,2025-12-27T23:30:58.089468,1.512765884399414,True,native-replica-2,
1377,1766871058.1233492,2025-12-27T23:30:58.123349,1.5106201171875,True,native-replica-2,
1378,1766871058.1576087,2025-12-27T23:30:58.157609,1.5118122100830078,True,native-replica-2,
1379,1766871058.1915984,2025-12-27T23:30:58.191598,1.0807514190673828,True,native-replica-2,
1380,1766871058.2256298,2025-12-27T23:30:58.225630,1.516103744506836,True,native-replica-2,
1381,1766871058.2593296,2025-12-27T23:30:58.259330,1.5110969543457031,True,native-replica-2,
1382,1766871058.2930245,2025-12-27T23:30:58.293025,1.512765884399414,True,native-replica-2,
1383,1766871058.3273718,2025-12-27T23:30:58.327372,1.516580581665039,True,native-replica-2,
1384,1766871058.3612113,2025-12-27T23:30:58.361211,1.0094642639160156,True,native-replica-2,
1385,1766871058.3956964,2025-12-27T23:30:58.395696,0.5052089691162109,True,native-replica-2,
1386,1766871058.4293106,2025-12-27T23:30:58.429311,1.577138900756836,True,native-replica-2,
1387,1766871058.463441,2025-12-27T23:30:58.463441,1.0075569152832031,True,native-replica-2,
1388,1766871058.497746,2025-12-27T23:30:58.497746,2.0074844360351562,True,native-replica-2,
1389,1766871058.531453,2025-12-27T23:30:58.531453,1.0068416595458984,True,native-replica-2,
1390,1766871058.565315,2025-12-27T23:30:58.565315,3.0074119567871094,True,native-replica-2,
1391,1766871058.5995555,2025-12-27T23:30:58.599555,1.627206802368164,True,native-replica-2,
1392,1766871058.6338148,2025-12-27T23:30:58.633815,1.0075569152832031,True,native-replica-2,
1393,1766871058.6681623,2025-12-27T23:30:58.668162,1.728057861328125,True,native-replica-2,
1394,1766871058.7020164,2025-12-27T23:30:58.702016,1.5134811401367188,True,native-replica-2,
1395,1766871058.7359202,2025-12-27T23:30:58.735920,1.007080078125,True,native-replica-2,
1396,1766871058.7704546,2025-12-27T23:30:58.770455,1.5163421630859375,True,native-replica-2,
1397,1766871058.804411,2025-12-27T23:30:58.804411,1.5234947204589844,True,native-replica-2,
1398,1766871058.8384585,2025-12-27T23:30:58.838459,1.605987548828125,True,native-replica-2,
1399,1766871058.8720772,2025-12-27T23:30:58.872077,1.5120506286621094,True,native-replica-2,
1400,1766871058.9062655,2025-12-27T23:30:58.906265,1.5149116516113281,True,native-replica-2,
1401,1766871058.939797,2025-12-27T23:30:58.939797,1.0061264038085938,True,native-replica-2,
1402,1766871058.9741063,2025-12-27T23:30:58.974106,2.007722854614258,True,native-replica-2,
1403,1766871059.0077066,2025-12-27T23:30:59.007707,1.0063648223876953,True,native-replica-2,
1404,1766871059.0419526,2025-12-27T23:30:59.041953,0.5044937133789062,True,native-replica-2,
1405,1766871059.0763502,2025-12-27T23:30:59.076350,1.2803077697753906,True,native-replica-2,
1406,1766871059.1107218,2025-12-27T23:30:59.110722,1.5797615051269531,True,native-replica-2,
1407,1766871059.1448162,2025-12-27T23:30:59.144816,1.9674301147460938,True,native-replica-2,
1408,1766871059.1786137,2025-12-27T23:30:59.178614,1.0077953338623047,True,native-replica-2,
1409,1766871059.2131412,2025-12-27T23:30:59.213141,1.0104179382324219,True,native-replica-2,
1410,1766871059.2472746,2025-12-27T23:30:59.247275,2.095460891723633,True,native-replica-2,
1411,1766871059.2811537,2025-12-27T23:30:59.281154,1.485586166381836,True,native-replica-2,
1412,1766871059.315089,2025-12-27T23:30:59.315089,1.6219615936279297,True,native-replica-2,
1413,1766871059.3492255,2025-12-27T23:30:59.349226,1.0094642639160156,True,native-replica-2,
1414,1766871059.3835921,2025-12-27T23:30:59.383592,1.0068416595458984,True,native-replica-2,
1415,1766871059.4180968,2025-12-27T23:30:59.418097,1.5225410461425781,True,native-replica-2,
1416,1766871059.4520051,2025-12-27T23:30:59.452005,1.5108585357666016,True,native-replica-2,
1417,1766871059.4856665,2025-12-27T23:30:59.485667,1.0063648223876953,True,native-replica-2,
1418,1766871059.5193555,2025-12-27T23:30:59.519356,1.512765884399414,True,native-replica-2,
1419,1766871059.553386,2025-12-27T23:30:59.553386,1.7428398132324219,True,native-replica-2,
1420,1766871059.5872672,2025-12-27T23:30:59.587267,1.007080078125,True,native-replica-2,
1421,1766871059.6217513,2025-12-27T23:30:59.621751,0.5283355712890625,True,native-replica-2,
1422,1766871059.6564355,2025-12-27T23:30:59.656435,1.4216899871826172,True,native-replica-2,
1423,1766871059.6904092,2025-12-27T23:30:59.690409,1.516103744506836,True,native-replica-2,
1424,1766871059.7244573,2025-12-27T23:30:59.724457,1.1196136474609375,True,native-replica-2,
1425,1766871059.758793,2025-12-27T23:30:59.758793,1.5118122100830078,True,native-replica-2,
1426,1766871059.7929118,2025-12-27T23:30:59.792912,1.5118122100830078,True,native-replica-2,
1427,1766871059.8267896,2025-12-27T23:30:59.826790,1.516580581665039,True,native-replica-2,
1428,1766871059.8609226,2025-12-27T23:30:59.860923,1.5151500701904297,True,native-replica-2,
1429,1766871059.8950694,2025-12-27T23:30:59.895069,1.0471343994140625,True,native-replica-2,
1430,1766871059.9292903,2025-12-27T23:30:59.929290,1.8274784088134766,True,native-replica-2,
1431,1766871059.963639,2025-12-27T23:30:59.963639,1.4743804931640625,True,native-replica-2,
1432,1766871059.9975672,2025-12-27T23:30:59.997567,1.0073184967041016,True,native-replica-2,
1433,1766871060.0318131,2025-12-27T23:31:00.031813,1.0080337524414062,True,native-replica-2,
1434,1766871060.0653355,2025-12-27T23:31:00.065336,1.009225845336914,True,native-replica-2,
1435,1766871060.0998619,2025-12-27T23:31:00.099862,1.0075569152832031,True,native-replica-2,
1436,1766871060.1341867,2025-12-27T23:31:00.134187,1.0075569152832031,True,native-replica-2,
1437,1766871060.1687124,2025-12-27T23:31:00.168712,1.0128021240234375,True,native-replica-2,
1438,1766871060.2031329,2025-12-27T23:31:00.203133,1.5113353729248047,True,native-replica-2,
1439,1766871060.2373028,2025-12-27T23:31:00.237303,1.9865036010742188,True,native-replica-2,
1440,1766871060.2711654,2025-12-27T23:31:00.271165,1.0082721710205078,True,native-replica-2,
1441,1766871060.305532,2025-12-27T23:31:00.305532,1.5766620635986328,True,native-replica-2,
1442,1766871060.3391333,2025-12-27T23:31:00.339133,1.6093254089355469,True,native-replica-2,
1443,1766871060.3729546,2025-12-27T23:31:00.372955,1.0075569152832031,True,native-replica-2,
1444,1766871060.4073422,2025-12-27T23:31:00.407342,1.0063648223876953,True,native-replica-2,
1445,1766871060.4418087,2025-12-27T23:31:00.441809,1.0056495666503906,True,native-replica-2,
1446,1766871060.476022,2025-12-27T23:31:00.476022,0.5044937133789062,True,native-replica-2,
1447,1766871060.5104036,2025-12-27T23:31:00.510404,1.5118122100830078,True,native-replica-2,
1448,1766871060.5444946,2025-12-27T23:31:00.544495,0.5047321319580078,True,native-replica-2,
1449,1766871060.5789685,2025-12-27T23:31:00.578969,1.6672611236572266,True,native-replica-2,
1450,1766871060.6129096,2025-12-27T23:31:00.612910,1.3537406921386719,True,native-replica-2,
1451,1766871060.6465392,2025-12-27T23:31:00.646539,1.573801040649414,True,native-replica-2,
1452,1766871060.6801782,2025-12-27T23:31:00.680178,1.512765884399414,True,native-replica-2,
1453,1766871060.713712,2025-12-27T23:31:00.713712,1.5230178833007812,True,native-replica-2,
1454,1766871060.7476957,2025-12-27T23:31:00.747696,1.4767646789550781,True,native-replica-2,
1455,1766871060.781348,2025-12-27T23:31:00.781348,1.1501312255859375,True,native-replica-2,
1456,1766871060.8157067,2025-12-27T23:31:00.815707,1.6925334930419922,True,native-replica-2,
1457,1766871060.8496363,2025-12-27T23:31:00.849636,1.0068416595458984,True,native-replica-2,
1458,1766871060.8841527,2025-12-27T23:31:00.884153,1.512289047241211,True,native-replica-2,
1459,1766871060.9184506,2025-12-27T23:31:00.918451,1.007080078125,True,native-replica-2,
1460,1766871060.9528809,2025-12-27T23:31:00.952881,1.5139579772949219,True,native-replica-2,
1461,1766871060.9866865,2025-12-27T23:31:00.986686,1.009225845336914,True,native-replica-2,
1462,1766871061.020874,2025-12-27T23:31:01.020874,1.007080078125,True,native-replica-2,
1463,1766871061.055258,2025-12-27T23:31:01.055258,1.5132427215576172,True,native-replica-2,
1464,1766871061.0890431,2025-12-27T23:31:01.089043,1.5132427215576172,True,native-replica-2,
1465,1766871061.1228664,2025-12-27T23:31:01.122866,1.5110969543457031,True,native-replica-2,
1466,1766871061.1570966,2025-12-27T23:31:01.157097,1.512765884399414,True,native-replica-2,
1467,1766871061.1910858,2025-12-27T23:31:01.191086,1.5125274658203125,True,native-replica-2,
1468,1766871061.2253847,2025-12-27T23:31:01.225385,1.4426708221435547,True,native-replica-2,
1469,1766871061.2590768,2025-12-27T23:31:01.259077,1.477956771850586,True,native-replica-2,
1470,1766871061.292949,2025-12-27T23:31:01.292949,1.0097026824951172,True,native-replica-2,
1471,1766871061.3272443,2025-12-27T23:31:01.327244,1.5130043029785156,True,native-replica-2,
1472,1766871061.3613703,2025-12-27T23:31:01.361370,1.4243125915527344,True,native-replica-2,
1473,1766871061.3952348,2025-12-27T23:31:01.395235,1.0097026824951172,True,native-replica-2,
1474,1766871061.4297316,2025-12-27T23:31:01.429732,1.0101795196533203,True,native-replica-2,
1475,1766871061.464204,2025-12-27T23:31:01.464204,1.0085105895996094,True,native-replica-2,
1476,1766871061.499026,2025-12-27T23:31:01.499026,1.5120506286621094,True,native-replica-2,
1477,1766871061.532953,2025-12-27T23:31:01.532953,1.5130043029785156,True,native-replica-2,
1478,1766871061.5666535,2025-12-27T23:31:01.566653,1.5132427215576172,True,native-replica-2,
1479,1766871061.6001468,2025-12-27T23:31:01.600147,2.0072460174560547,True,native-replica-2,
1480,1766871061.6341124,2025-12-27T23:31:01.634112,1.0066032409667969,True,native-replica-2,
1481,1766871061.6683326,2025-12-27T23:31:01.668333,1.5125274658203125,True,native-replica-2,
1482,1766871061.702173,2025-12-27T23:31:01.702173,1.3344287872314453,True,native-replica-2,
1483,1766871061.7366176,2025-12-27T23:31:01.736618,1.0066032409667969,True,native-replica-2,
1484,1766871061.7704072,2025-12-27T23:31:01.770407,1.7342567443847656,True,native-replica-2,
1485,1766871061.8041573,2025-12-27T23:31:01.804157,1.5118122100830078,True,native-replica-2,
1486,1766871061.8378744,2025-12-27T23:31:01.837874,2.0089149475097656,True,native-replica-2,
1487,1766871061.8718112,2025-12-27T23:31:01.871811,1.5132427215576172,True,native-replica-2,
1488,1766871061.9061172,2025-12-27T23:31:01.906117,1.0066032409667969,True,native-replica-2,
1489,1766871061.9405465,2025-12-27T23:31:01.940547,2.006053924560547,True,native-replica-2,
1490,1766871061.9748356,2025-12-27T23:31:01.974836,1.7151832580566406,True,native-replica-2,
1491,1766871062.0088573,2025-12-27T23:31:02.008857,1.1034011840820312,True,native-replica-2,
1492,1766871062.0430136,2025-12-27T23:31:02.043014,0.5049705505371094,True,native-replica-2,
1493,1766871062.0777915,2025-12-27T23:31:02.077791,1.514434814453125,True,native-replica-2,
1494,1766871062.1114442,2025-12-27T23:31:02.111444,1.5118122100830078,True,native-replica-2,
1495,1766871062.1453896,2025-12-27T23:31:02.145390,1.4653205871582031,True,native-replica-2,
1496,1766871062.1798337,2025-12-27T23:31:02.179834,1.5139579772949219,True,native-replica-2,
1497,1766871062.2136614,2025-12-27T23:31:02.213661,1.8458366394042969,True,native-replica-2,
1498,1766871062.2477977,2025-12-27T23:31:02.247798,1.0063648223876953,True,native-replica-2,
1499,1766871062.2823164,2025-12-27T23:31:02.282316,1.5146732330322266,True,native-replica-2,
1500,1766871062.3161974,2025-12-27T23:31:02.316197,1.0721683502197266,True,native-replica-2,
1501,1766871062.3502488,2025-12-27T23:31:02.350249,2.0105838775634766,True,native-replica-2,
1502,1766871062.384196,2025-12-27T23:31:02.384196,1.5139579772949219,True,native-replica-2,
1503,1766871062.417817,2025-12-27T23:31:02.417817,1.5268325805664062,True,native-replica-2,
1504,1766871062.4516919,2025-12-27T23:31:02.451692,1.512765884399414,True,native-replica-2,
1505,1766871062.4856288,2025-12-27T23:31:02.485629,1.0066032409667969,True,native-replica-2,
1506,1766871062.5199127,2025-12-27T23:31:02.519913,1.5518665313720703,True,native-replica-2,
1507,1766871062.553855,2025-12-27T23:31:02.553855,1.4891624450683594,True,native-replica-2,
1508,1766871062.5878506,2025-12-27T23:31:02.587851,1.744985580444336,True,native-replica-2,
1509,1766871062.6213675,2025-12-27T23:31:02.621367,1.5716552734375,True,native-replica-2,
1510,1766871062.655371,2025-12-27T23:31:02.655371,1.6334056854248047,True,native-replica-2,
1511,1766871062.6890454,2025-12-27T23:31:02.689045,1.5151500701904297,True,native-replica-2,
1512,1766871062.7231762,2025-12-27T23:31:02.723176,1.512765884399414,True,native-replica-2,
1513,1766871062.7569737,2025-12-27T23:31:02.756974,1.0077953338623047,True,native-replica-2,
1514,1766871062.7913556,2025-12-27T23:31:02.791356,2.0067691802978516,True,native-replica-2,
1515,1766871062.8249393,2025-12-27T23:31:02.824939,2.0074844360351562,True,native-replica-2,
1516,1766871062.8586826,2025-12-27T23:31:02.858683,1.512289047241211,True,native-replica-2,
1517,1766871062.892694,2025-12-27T23:31:02.892694,1.3575553894042969,True,native-replica-2,
1518,1766871062.9267683,2025-12-27T23:31:02.926768,1.3782978057861328,True,native-replica-2,
1519,1766871062.9612393,2025-12-27T23:31:02.961239,1.512289047241211,True,native-replica-2,
1520,1766871062.995794,2025-12-27T23:31:02.995794,1.4438629150390625,True,native-replica-2,
1521,1766871063.0295315,2025-12-27T23:31:03.029531,1.5146732330322266,True,native-replica-2,
1522,1766871063.063556,2025-12-27T23:31:03.063556,1.5125274658203125,True,native-replica-2,
1523,1766871063.0970826,2025-12-27T23:31:03.097083,1.6794204711914062,True,native-replica-2,
1524,1766871063.1309707,2025-12-27T23:31:03.130971,1.0056495666503906,True,native-replica-2,
1525,1766871063.1653373,2025-12-27T23:31:03.165337,1.585245132446289,True,native-replica-2,
1526,1766871063.1993823,2025-12-27T23:31:03.199382,1.0063648223876953,True,native-replica-2,
1527,1766871063.2339404,2025-12-27T23:31:03.233940,1.0066032409667969,True,native-replica-2,
1528,1766871063.2683878,2025-12-27T23:31:03.268388,1.0058879852294922,True,native-replica-2,
1529,1766871063.3027465,2025-12-27T23:31:03.302747,1.827239990234375,True,native-replica-2,
1530,1766871063.3367584,2025-12-27T23:31:03.336758,1.0085105895996094,True,native-replica-2,
1531,1766871063.3712747,2025-12-27T23:31:03.371275,2.0074844360351562,True,native-replica-2,
1532,1766871063.4049647,2025-12-27T23:31:03.404965,1.0073184967041016,True,native-replica-2,
1533,1766871063.4390047,2025-12-27T23:31:03.439005,1.5153884887695312,True,native-replica-2,
1534,1766871063.4727795,2025-12-27T23:31:03.472780,1.5134811401367188,True,native-replica-2,
1535,1766871063.5070822,2025-12-27T23:31:03.507082,1.8754005432128906,True,native-replica-2,
1536,1766871063.5408392,2025-12-27T23:31:03.540839,1.5125274658203125,True,native-replica-2,
1537,1766871063.5746806,2025-12-27T23:31:03.574681,0.5044937133789062,True,native-replica-2,
1538,1766871063.6082013,2025-12-27T23:31:03.608201,1.5232563018798828,True,native-replica-2,
1539,1766871063.6422443,2025-12-27T23:31:03.642244,0.5042552947998047,True,native-replica-2,
1540,1766871063.6764424,2025-12-27T23:31:03.676442,1.0063648223876953,True,native-replica-2,
1541,1766871063.7106419,2025-12-27T23:31:03.710642,2.0067691802978516,True,native-replica-2,
1542,1766871063.7441647,2025-12-27T23:31:03.744165,1.943826675415039,True,native-replica-2,
1543,1766871063.7780619,2025-12-27T23:31:03.778062,1.5139579772949219,True,native-replica-2,
1544,1766871063.8120453,2025-12-27T23:31:03.812045,1.0094642639160156,True,native-replica-2,
1545,1766871063.8467357,2025-12-27T23:31:03.846736,1.4405250549316406,True,native-replica-2,
1546,1766871063.880453,2025-12-27T23:31:03.880453,1.0080337524414062,True,native-replica-2,
1547,1766871063.9149835,2025-12-27T23:31:03.914984,1.0094642639160156,True,native-replica-2,
1548,1766871063.9495835,2025-12-27T23:31:03.949584,1.0082721710205078,True,native-replica-2,
1549,1766871063.9841056,2025-12-27T23:31:03.984106,1.6617774963378906,True,native-replica-2,
1550,1766871064.0183773,2025-12-27T23:31:04.018377,1.7142295837402344,True,native-replica-2,
1551,1766871064.0518441,2025-12-27T23:31:04.051844,1.0082721710205078,True,native-replica-2,
1552,1766871064.0863645,2025-12-27T23:31:04.086365,1.5194416046142578,True,native-replica-2,
1553,1766871064.1199007,2025-12-27T23:31:04.119901,1.5871524810791016,True,native-replica-2,
1554,1766871064.1535237,2025-12-27T23:31:04.153524,1.4505386352539062,True,native-replica-2,
1555,1766871064.1874707,2025-12-27T23:31:04.187471,1.0073184967041016,True,native-replica-2,
1556,1766871064.2208555,2025-12-27T23:31:04.220855,1.0073184967041016,True,native-replica-2,
1557,1766871064.25501,2025-12-27T23:31:04.255010,1.1332035064697266,True,native-replica-2,
1558,1766871064.289058,2025-12-27T23:31:04.289058,1.516580581665039,True,native-replica-2,
1559,1766871064.3227172,2025-12-27T23:31:04.322717,1.512765884399414,True,native-replica-2,
1560,1766871064.3567395,2025-12-27T23:31:04.356740,1.0063648223876953,True,native-replica-2,
1561,1766871064.391089,2025-12-27T23:31:04.391089,1.0082721710205078,True,native-replica-2,
1562,1766871064.425628,2025-12-27T23:31:04.425628,1.0082721710205078,True,native-replica-2,
1563,1766871064.4599593,2025-12-27T23:31:04.459959,0.5044937133789062,True,native-replica-2,
1564,1766871064.4945197,2025-12-27T23:31:04.494520,1.0063648223876953,True,native-replica-2,
1565,1766871064.5289764,2025-12-27T23:31:04.528976,0.5049705505371094,True,native-replica-2,
1566,1766871064.5626225,2025-12-27T23:31:04.562623,1.5048980712890625,True,native-replica-2,
1567,1766871064.5965164,2025-12-27T23:31:04.596516,1.6467571258544922,True,native-replica-2,
1568,1766871064.6301978,2025-12-27T23:31:04.630198,1.0104179382324219,True,native-replica-2,
1569,1766871064.664837,2025-12-27T23:31:04.664837,1.0068416595458984,True,native-replica-2,
1570,1766871064.6991732,2025-12-27T23:31:04.699173,1.0056495666503906,True,native-replica-2,
1571,1766871064.733581,2025-12-27T23:31:04.733581,1.0135173797607422,True,native-replica-2,
1572,1766871064.7682903,2025-12-27T23:31:04.768290,1.5139579772949219,True,native-replica-2,
1573,1766871064.801813,2025-12-27T23:31:04.801813,1.512289047241211,True,native-replica-2,
1574,1766871064.8355515,2025-12-27T23:31:04.835552,1.5103816986083984,True,native-replica-2,
1575,1766871064.869081,2025-12-27T23:31:04.869081,1.0068416595458984,True,native-replica-2,
1576,1766871064.9033651,2025-12-27T23:31:04.903365,1.0068416595458984,True,native-replica-2,
1577,1766871064.9377532,2025-12-27T23:31:04.937753,1.6009807586669922,True,native-replica-2,
1578,1766871064.9719756,2025-12-27T23:31:04.971976,1.0077953338623047,True,native-replica-2,
1579,1766871065.006623,2025-12-27T23:31:05.006623,1.5106201171875,True,native-replica-2,
1580,1766871065.0411658,2025-12-27T23:31:05.041166,1.51824951171875,True,native-replica-2,
1581,1766871065.0749733,2025-12-27T23:31:05.074973,1.5826225280761719,True,native-replica-2,
1582,1766871065.108706,2025-12-27T23:31:05.108706,1.5308856964111328,True,native-replica-2,
1583,1766871065.1425455,2025-12-27T23:31:05.142545,1.0089874267578125,True,native-replica-2,
1584,1766871065.1769826,2025-12-27T23:31:05.176983,1.512289047241211,True,native-replica-2,
1585,1766871065.2109404,2025-12-27T23:31:05.210940,1.5139579772949219,True,native-replica-2,
1586,1766871065.2449863,2025-12-27T23:31:05.244986,1.8663406372070312,True,native-replica-2,
1587,1766871065.2791035,2025-12-27T23:31:05.279104,2.0897388458251953,True,native-replica-2,
1588,1766871065.3129342,2025-12-27T23:31:05.312934,1.4750957489013672,True,native-replica-2,
1589,1766871065.3469155,2025-12-27T23:31:05.346915,4.153728485107422,True,native-replica-2,
1590,1766871065.3805003,2025-12-27T23:31:05.380500,1.1527538299560547,True,native-replica-2,
1591,1766871065.4146938,2025-12-27T23:31:05.414694,1.5156269073486328,True,native-replica-2,
1592,1766871065.44917,2025-12-27T23:31:05.449170,1.0073184967041016,True,native-replica-2,
1593,1766871065.4836154,2025-12-27T23:31:05.483615,1.0068416595458984,True,native-replica-2,
1594,1766871065.5181022,2025-12-27T23:31:05.518102,1.0099411010742188,True,native-replica-2,
1595,1766871065.5523996,2025-12-27T23:31:05.552400,2.0084381103515625,True,native-replica-2,
1596,1766871065.5859044,2025-12-27T23:31:05.585904,1.5132427215576172,True,native-replica-2,
1597,1766871065.6198554,2025-12-27T23:31:05.619855,1.5137195587158203,True,native-replica-2,
1598,1766871065.6538806,2025-12-27T23:31:05.653881,1.5118122100830078,True,native-replica-2,
1599,1766871065.6873732,2025-12-27T23:31:05.687373,1.1165142059326172,True,native-replica-2,
1600,1766871065.7214355,2025-12-27T23:31:05.721436,1.522064208984375,True,native-replica-2,
1601,1766871065.7553465,2025-12-27T23:31:05.755347,1.010894775390625,True,native-replica-2,
1602,1766871065.7898643,2025-12-27T23:31:05.789864,0.5047321319580078,True,native-replica-2,
1603,1766871065.8242867,2025-12-27T23:31:05.824287,1.512289047241211,True,native-replica-2,
1604,1766871065.858233,2025-12-27T23:31:05.858233,1.007080078125,True,native-replica-2,
1605,1766871065.892644,2025-12-27T23:31:05.892644,1.512765884399414,True,native-replica-2,
1606,1766871065.926181,2025-12-27T23:31:05.926181,1.5099048614501953,True,native-replica-2,
1607,1766871065.9602602,2025-12-27T23:31:05.960260,1.007080078125,True,native-replica-2,
1608,1766871065.9946516,2025-12-27T23:31:05.994652,2.254486083984375,True,native-replica-2,
1609,1766871066.028448,2025-12-27T23:31:06.028448,1.007080078125,True,native-replica-2,
1610,1766871066.0629623,2025-12-27T23:31:06.062962,1.407623291015625,True,native-replica-2,
1611,1766871066.0974774,2025-12-27T23:31:06.097477,1.52587890625,True,native-replica-2,
1612,1766871066.131091,2025-12-27T23:31:06.131091,1.5425682067871094,True,native-replica-2,
1613,1766871066.1653483,2025-12-27T23:31:06.165348,1.5330314636230469,True,native-replica-2,
1614,1766871066.1989937,2025-12-27T23:31:06.198994,1.512765884399414,True,native-replica-2,
1615,1766871066.2327676,2025-12-27T23:31:06.232768,2.384662628173828,True,native-replica-2,
1616,1766871066.2666247,2025-12-27T23:31:06.266625,1.512765884399414,True,native-replica-2,
1617,1766871066.3001564,2025-12-27T23:31:06.300156,1.0077953338623047,True,native-replica-2,
1618,1766871066.33484,2025-12-27T23:31:06.334840,1.0061264038085938,True,native-replica-2,
1619,1766871066.3689547,2025-12-27T23:31:06.368955,1.0066032409667969,True,native-replica-2,
1620,1766871066.4035227,2025-12-27T23:31:06.403523,1.0089874267578125,True,native-replica-2,
1621,1766871066.4380777,2025-12-27T23:31:06.438078,1.0862350463867188,True,native-replica-2,
1622,1766871066.4727,2025-12-27T23:31:06.472700,1.0275840759277344,True,native-replica-2,
1623,1766871066.5071282,2025-12-27T23:31:06.507128,1.1065006256103516,True,native-replica-2,
1624,1766871066.5413733,2025-12-27T23:31:06.541373,1.5187263488769531,True,native-replica-2,
1625,1766871066.5754142,2025-12-27T23:31:06.575414,1.5246868133544922,True,native-replica-2,
1626,1766871066.609458,2025-12-27T23:31:06.609458,1.5175342559814453,True,native-replica-2,
1627,1766871066.6432564,2025-12-27T23:31:06.643256,1.0101795196533203,True,native-replica-2,
1628,1766871066.6777782,2025-12-27T23:31:06.677778,1.0077953338623047,True,native-replica-2,
1629,1766871066.7119021,2025-12-27T23:31:06.711902,1.0118484497070312,True,native-replica-2,
1630,1766871066.7465408,2025-12-27T23:31:06.746541,1.5141963958740234,True,native-replica-2,
1631,1766871066.780566,2025-12-27T23:31:06.780566,1.5971660614013672,True,native-replica-2,
1632,1766871066.814186,2025-12-27T23:31:06.814186,1.007080078125,True,native-replica-2,
1633,1766871066.8485713,2025-12-27T23:31:06.848571,1.0094642639160156,True,native-replica-2,
1634,1766871066.8828032,2025-12-27T23:31:06.882803,2.007722854614258,True,native-replica-2,
1635,1766871066.916574,2025-12-27T23:31:06.916574,1.5134811401367188,True,native-replica-2,
1636,1766871066.950495,2025-12-27T23:31:06.950495,1.0085105895996094,True,native-replica-2,
1637,1766871066.9848351,2025-12-27T23:31:06.984835,1.064300537109375,True,native-replica-2,
1638,1766871067.0189414,2025-12-27T23:31:07.018941,1.0066032409667969,True,native-replica-2,
1639,1766871067.0536737,2025-12-27T23:31:07.053674,1.5132427215576172,True,native-replica-2,
1640,1766871067.0875196,2025-12-27T23:31:07.087520,1.2969970703125,True,native-replica-2,
1641,1766871067.121282,2025-12-27T23:31:07.121282,2.1827220916748047,True,native-replica-2,
1642,1766871067.1549397,2025-12-27T23:31:07.154940,2.026081085205078,True,native-replica-2,
1643,1766871067.1886663,2025-12-27T23:31:07.188666,1.6188621520996094,True,native-replica-2,
1644,1766871067.2227647,2025-12-27T23:31:07.222765,1.5141963958740234,True,native-replica-2,
1645,1766871067.256313,2025-12-27T23:31:07.256313,1.5189647674560547,True,native-replica-2,
1646,1766871067.290641,2025-12-27T23:31:07.290641,1.5671253204345703,True,native-replica-2,
1647,1766871067.32488,2025-12-27T23:31:07.324880,1.0101795196533203,True,native-replica-2,
1648,1766871067.3593645,2025-12-27T23:31:07.359365,1.0082721710205078,True,native-replica-2,
1649,1766871067.3936448,2025-12-27T23:31:07.393645,1.0073184967041016,True,native-replica-2,
1650,1766871067.4282053,2025-12-27T23:31:07.428205,1.5146732330322266,True,native-replica-2,
1651,1766871067.4621289,2025-12-27T23:31:07.462129,1.6171932220458984,True,native-replica-2,
1652,1766871067.4962804,2025-12-27T23:31:07.496280,1.5172958374023438,True,native-replica-2,
1653,1766871067.5299954,2025-12-27T23:31:07.529995,0.5054473876953125,True,native-replica-2,
1654,1766871067.564689,2025-12-27T23:31:07.564689,0.5042552947998047,True,native-replica-2,
1655,1766871067.5991364,2025-12-27T23:31:07.599136,1.3163089752197266,True,native-replica-2,
1656,1766871067.6330688,2025-12-27T23:31:07.633069,1.5158653259277344,True,native-replica-2,
1657,1766871067.66693,2025-12-27T23:31:07.666930,1.5189647674560547,True,native-replica-2,
1658,1766871067.7008247,2025-12-27T23:31:07.700825,1.007080078125,True,native-replica-2,
1659,1766871067.7348988,2025-12-27T23:31:07.734899,1.5187263488769531,True,native-replica-2,
1660,1766871067.7689414,2025-12-27T23:31:07.768941,1.008749008178711,True,native-replica-2,
1661,1766871067.8031802,2025-12-27T23:31:07.803180,1.5141963958740234,True,native-replica-2,
1662,1766871067.8373911,2025-12-27T23:31:07.837391,1.6396045684814453,True,native-replica-2,
1663,1766871067.8712502,2025-12-27T23:31:07.871250,1.516103744506836,True,native-replica-2,
1664,1766871067.9052906,2025-12-27T23:31:07.905291,1.5180110931396484,True,native-replica-2,
1665,1766871067.9393578,2025-12-27T23:31:07.939358,1.0097026824951172,True,native-replica-2,
1666,1766871067.9738927,2025-12-27T23:31:07.973893,1.5187263488769531,True,native-replica-2,
1667,1766871068.0075831,2025-12-27T23:31:08.007583,1.1944770812988281,True,native-replica-2,
1668,1766871068.0416949,2025-12-27T23:31:08.041695,1.4197826385498047,True,native-replica-2,
1669,1766871068.075634,2025-12-27T23:31:08.075634,1.0068416595458984,True,native-replica-2,
1670,1766871068.1101701,2025-12-27T23:31:08.110170,1.0077953338623047,True,native-replica-2,
1671,1766871068.14421,2025-12-27T23:31:08.144210,1.520395278930664,True,native-replica-2,
1672,1766871068.1782732,2025-12-27T23:31:08.178273,1.0139942169189453,True,native-replica-2,
1673,1766871068.2118819,2025-12-27T23:31:08.211882,2.563953399658203,True,native-replica-2,
1674,1766871068.2455873,2025-12-27T23:31:08.245587,1.9104480743408203,True,native-replica-2,
1675,1766871068.2795217,2025-12-27T23:31:08.279522,1.007080078125,True,native-replica-2,
1676,1766871068.314387,2025-12-27T23:31:08.314387,1.5146732330322266,True,native-replica-2,
1677,1766871068.348627,2025-12-27T23:31:08.348627,1.2924671173095703,True,native-replica-2,
1678,1766871068.3826025,2025-12-27T23:31:08.382602,1.0061264038085938,True,native-replica-2,
1679,1766871068.4172647,2025-12-27T23:31:08.417265,1.5115737915039062,True,native-replica-2,
1680,1766871068.4513507,2025-12-27T23:31:08.451351,0.5044937133789062,True,native-replica-2,
1681,1766871068.4861338,2025-12-27T23:31:08.486134,1.773834228515625,True,native-replica-2,
1682,1766871068.5196803,2025-12-27T23:31:08.519680,1.5201568603515625,True,native-replica-2,
1683,1766871068.5538287,2025-12-27T23:31:08.553829,1.5134811401367188,True,native-replica-2,
1684,1766871068.5884595,2025-12-27T23:31:08.588459,2.0093917846679688,True,native-replica-2,
1685,1766871068.6222403,2025-12-27T23:31:08.622240,1.5108585357666016,True,native-replica-2,
1686,1766871068.6561897,2025-12-27T23:31:08.656190,1.512289047241211,True,native-replica-2,
1687,1766871068.6902199,2025-12-27T23:31:08.690220,1.8858909606933594,True,native-replica-2,
1688,1766871068.7243679,2025-12-27T23:31:08.724368,1.493215560913086,True,native-replica-2,
1689,1766871068.7585344,2025-12-27T23:31:08.758534,1.0139942169189453,True,native-replica-2,
1690,1766871068.7930782,2025-12-27T23:31:08.793078,1.5134811401367188,True,native-replica-2,
1691,1766871068.8267176,2025-12-27T23:31:08.826718,1.0082721710205078,True,native-replica-2,
1692,1766871068.8611803,2025-12-27T23:31:08.861180,1.5215873718261719,True,native-replica-2,
1693,1766871068.895214,2025-12-27T23:31:08.895214,1.5132427215576172,True,native-replica-2,
1694,1766871068.9292612,2025-12-27T23:31:08.929261,1.8029212951660156,True,native-replica-2,
1695,1766871068.9630785,2025-12-27T23:31:08.963078,1.5590190887451172,True,native-replica-2,
1696,1766871068.9971597,2025-12-27T23:31:08.997160,1.0066032409667969,True,native-replica-2,
1697,1766871069.031323,2025-12-27T23:31:09.031323,1.0137557983398438,True,native-replica-2,
1698,1766871069.0660899,2025-12-27T23:31:09.066090,2.0112991333007812,True,native-replica-2,
1699,1766871069.100085,2025-12-27T23:31:09.100085,5.01704216003418,True,native-replica-2,
1700,1766871069.1343265,2025-12-27T23:31:09.134326,1.5170574188232422,True,native-replica-2,
1701,1766871069.16811,2025-12-27T23:31:09.168110,1.0120868682861328,True,native-replica-2,
1702,1766871069.2025065,2025-12-27T23:31:09.202507,1.0099411010742188,True,native-replica-2,
1703,1766871069.2370634,2025-12-27T23:31:09.237063,1.009225845336914,True,native-replica-2,
1704,1766871069.271335,2025-12-27T23:31:09.271335,1.0104179382324219,True,native-replica-2,
1705,1766871069.3056061,2025-12-27T23:31:09.305606,1.6868114471435547,True,native-replica-2,
1706,1766871069.3394003,2025-12-27T23:31:09.339400,1.5187263488769531,True,native-replica-2,
1707,1766871069.373714,2025-12-27T23:31:09.373714,1.0089874267578125,True,native-replica-2,
1708,1766871069.407914,2025-12-27T23:31:09.407914,0.5280971527099609,True,native-replica-2,
1709,1766871069.4429293,2025-12-27T23:31:09.442929,1.4977455139160156,True,native-replica-2,
1710,1766871069.4771197,2025-12-27T23:31:09.477120,1.0161399841308594,True,native-replica-2,
1711,1766871069.5117836,2025-12-27T23:31:09.511784,6.52313232421875,True,native-replica-2,
1712,1766871069.5463154,2025-12-27T23:31:09.546315,2.140045166015625,True,native-replica-2,
1713,1766871069.5801563,2025-12-27T23:31:09.580156,1.0077953338623047,True,native-replica-2,
1714,1766871069.6135397,2025-12-27T23:31:09.613540,1.5108585357666016,True,native-replica-2,
1715,1766871069.6475656,2025-12-27T23:31:09.647566,1.6601085662841797,True,native-replica-2,
1716,1766871069.6817622,2025-12-27T23:31:09.681762,1.0080337524414062,True,native-replica-2,
1717,1766871069.7161574,2025-12-27T23:31:09.716157,1.5141963958740234,True,native-replica-2,
1718,1766871069.7499747,2025-12-27T23:31:09.749975,1.7418861389160156,True,native-replica-2,
1719,1766871069.7833605,2025-12-27T23:31:09.783360,1.5146732330322266,True,native-replica-2,
1720,1766871069.817219,2025-12-27T23:31:09.817219,2.607583999633789,True,native-replica-2,
1721,1766871069.8512342,2025-12-27T23:31:09.851234,0.5047321319580078,True,native-replica-2,
1722,1766871069.886217,2025-12-27T23:31:09.886217,1.5130043029785156,True,native-replica-2,
1723,1766871069.9202104,2025-12-27T23:31:09.920210,1.0058879852294922,True,native-replica-2,
1724,1766871069.9551125,2025-12-27T23:31:09.955112,1.007080078125,True,native-replica-2,
1725,1766871069.9896486,2025-12-27T23:31:09.989649,1.5671253204345703,True,native-replica-2,
1726,1766871070.0231721,2025-12-27T23:31:10.023172,1.7330646514892578,True,native-replica-2,
1727,1766871070.0572019,2025-12-27T23:31:10.057202,1.5094280242919922,True,native-replica-2,
1728,1766871070.0911667,2025-12-27T23:31:10.091167,1.5561580657958984,True,native-replica-2,
1729,1766871070.1250308,2025-12-27T23:31:10.125031,1.0068416595458984,True,native-replica-2,
1730,1766871070.1591346,2025-12-27T23:31:10.159135,1.0273456573486328,True,native-replica-2,
1731,1766871070.1934855,2025-12-27T23:31:10.193485,1.6894340515136719,True,native-replica-2,
1732,1766871070.2272046,2025-12-27T23:31:10.227205,1.0089874267578125,True,native-replica-2,
1733,1766871070.2616751,2025-12-27T23:31:10.261675,0.6668567657470703,True,native-replica-2,
1734,1766871070.2966259,2025-12-27T23:31:10.296626,2.033233642578125,True,native-replica-2,
1735,1766871070.3301768,2025-12-27T23:31:10.330177,1.5134811401367188,True,native-replica-2,
1736,1766871070.3641317,2025-12-27T23:31:10.364132,1.4252662658691406,True,native-replica-2,
1737,1766871070.3979795,2025-12-27T23:31:10.397979,1.7654895782470703,True,native-replica-2,
1738,1766871070.431645,2025-12-27T23:31:10.431645,1.9104480743408203,True,native-replica-2,
1739,1766871070.46585,2025-12-27T23:31:10.465850,1.0061264038085938,True,native-replica-2,
1740,1766871070.500156,2025-12-27T23:31:10.500156,1.4846324920654297,True,native-replica-2,
1741,1766871070.5340164,2025-12-27T23:31:10.534016,1.6443729400634766,True,native-replica-2,
1742,1766871070.5676851,2025-12-27T23:31:10.567685,1.6589164733886719,True,native-replica-2,
1743,1766871070.6015341,2025-12-27T23:31:10.601534,1.5125274658203125,True,native-replica-2,
1744,1766871070.635457,2025-12-27T23:31:10.635457,1.5151500701904297,True,native-replica-2,
1745,1766871070.669589,2025-12-27T23:31:10.669589,1.5158653259277344,True,native-replica-2,
1746,1766871070.7040896,2025-12-27T23:31:10.704090,1.0082721710205078,True,native-replica-2,
1747,1766871070.7386734,2025-12-27T23:31:10.738673,1.0075569152832031,True,native-replica-2,
1748,1766871070.7727432,2025-12-27T23:31:10.772743,0.858306884765625,True,native-replica-2,
1749,1766871070.8071337,2025-12-27T23:31:10.807134,1.0089874267578125,True,native-replica-2,
1750,1766871070.8417509,2025-12-27T23:31:10.841751,1.0099411010742188,True,native-replica-2,
1751,1766871070.8762448,2025-12-27T23:31:10.876245,2.008199691772461,True,native-replica-2,
1752,1766871070.9102757,2025-12-27T23:31:10.910276,1.6503334045410156,True,native-replica-2,
1753,1766871070.944119,2025-12-27T23:31:10.944119,1.560211181640625,True,native-replica-2,
1754,1766871070.9779103,2025-12-27T23:31:10.977910,1.5125274658203125,True,native-replica-2,
1755,1766871071.0121377,2025-12-27T23:31:11.012138,2.2368431091308594,True,native-replica-2,
1756,1766871071.0463338,2025-12-27T23:31:11.046334,1.0106563568115234,True,native-replica-2,
1757,1766871071.0806067,2025-12-27T23:31:11.080607,1.4336109161376953,True,native-replica-2,
1758,1766871071.114485,2025-12-27T23:31:11.114485,1.0082721710205078,True,native-replica-2,
1759,1766871071.148848,2025-12-27T23:31:11.148848,1.5125274658203125,True,native-replica-2,
1760,1766871071.183307,2025-12-27T23:31:11.183307,1.2841224670410156,True,native-replica-2,
1761,1766871071.2173119,2025-12-27T23:31:11.217312,1.544952392578125,True,native-replica-2,
1762,1766871071.2511518,2025-12-27T23:31:11.251152,1.512289047241211,True,native-replica-2,
1763,1766871071.2848957,2025-12-27T23:31:11.284896,1.0075569152832031,True,native-replica-2,
1764,1766871071.319418,2025-12-27T23:31:11.319418,1.443624496459961,True,native-replica-2,
1765,1766871071.3532043,2025-12-27T23:31:11.353204,1.6574859619140625,True,native-replica-2,
1766,1766871071.3871782,2025-12-27T23:31:11.387178,1.6312599182128906,True,native-replica-2,
1767,1766871071.4214225,2025-12-27T23:31:11.421422,1.3883113861083984,True,native-replica-2,
1768,1766871071.4552372,2025-12-27T23:31:11.455237,2.007722854614258,True,native-replica-2,
1769,1766871071.4891167,2025-12-27T23:31:11.489117,1.6484260559082031,True,native-replica-2,
1770,1766871071.522795,2025-12-27T23:31:11.522795,2.533435821533203,True,native-replica-2,
1771,1766871071.5565243,2025-12-27T23:31:11.556524,2.008676528930664,True,native-replica-2,
1772,1766871071.590547,2025-12-27T23:31:11.590547,2.0084381103515625,True,native-replica-2,
1773,1766871071.6248043,2025-12-27T23:31:11.624804,1.0094642639160156,True,native-replica-2,
1774,1766871071.6591997,2025-12-27T23:31:11.659200,1.5120506286621094,True,native-replica-2,
1775,1766871071.6936746,2025-12-27T23:31:11.693675,1.5132427215576172,True,native-replica-2,
1776,1766871071.728185,2025-12-27T23:31:11.728185,1.0077953338623047,True,native-replica-2,
1777,1766871071.7628367,2025-12-27T23:31:11.762837,1.5118122100830078,True,native-replica-2,
1778,1766871071.7968495,2025-12-27T23:31:11.796849,0.9932518005371094,True,native-replica-2,
1779,1766871071.8314514,2025-12-27T23:31:11.831451,1.0149478912353516,True,native-replica-2,
1780,1766871071.8656375,2025-12-27T23:31:11.865638,1.6660690307617188,True,native-replica-2,
1781,1766871071.8994436,2025-12-27T23:31:11.899444,1.8208026885986328,True,native-replica-2,
1782,1766871071.9333482,2025-12-27T23:31:11.933348,1.5249252319335938,True,native-replica-2,
1783,1766871071.9673357,2025-12-27T23:31:11.967336,1.0342597961425781,True,native-replica-2,
1784,1766871072.001707,2025-12-27T23:31:12.001707,1.7447471618652344,True,native-replica-2,
1785,1766871072.0354617,2025-12-27T23:31:12.035462,1.8460750579833984,True,native-replica-2,
1786,1766871072.0692894,2025-12-27T23:31:12.069289,1.0075569152832031,True,native-replica-2,
1787,1766871072.1037674,2025-12-27T23:31:12.103767,1.5153884887695312,True,native-replica-2,
1788,1766871072.1376734,2025-12-27T23:31:12.137673,1.514434814453125,True,native-replica-2,
1789,1766871072.1713626,2025-12-27T23:31:12.171363,1.5113353729248047,True,native-replica-2,
1790,1766871072.2052095,2025-12-27T23:31:12.205209,1.7910003662109375,True,native-replica-2,
1791,1766871072.238844,2025-12-27T23:31:12.238844,1.5125274658203125,True,native-replica-2,
1792,1766871072.2725298,2025-12-27T23:31:12.272530,1.5118122100830078,True,native-replica-2,
1793,1766871072.306767,2025-12-27T23:31:12.306767,1.0066032409667969,True,native-replica-2,
1794,1766871072.3408058,2025-12-27T23:31:12.340806,1.0898113250732422,True,native-replica-2,
1795,1766871072.374749,2025-12-27T23:31:12.374749,1.0066032409667969,True,native-replica-2,
1796,1766871072.4093795,2025-12-27T23:31:12.409379,1.470327377319336,True,native-replica-2,
1797,1766871072.4434123,2025-12-27T23:31:12.443412,1.007080078125,True,native-replica-2,
1798,1766871072.4777896,2025-12-27T23:31:12.477790,1.5115737915039062,True,native-replica-2,
1799,1766871072.5123131,2025-12-27T23:31:12.512313,1.2617111206054688,True,native-replica-2,
1800,1766871072.5463457,2025-12-27T23:31:12.546346,1.5132427215576172,True,native-replica-2,
1801,1766871072.5805566,2025-12-27T23:31:12.580557,2.0923614501953125,True,native-replica-2,
1802,1766871072.614252,2025-12-27T23:31:12.614252,1.4400482177734375,True,native-replica-2,
1803,1766871072.6479971,2025-12-27T23:31:12.647997,1.5120506286621094,True,native-replica-2,
1804,1766871072.6822717,2025-12-27T23:31:12.682272,1.596689224243164,True,native-replica-2,
1805,1766871072.716281,2025-12-27T23:31:12.716281,1.0077953338623047,True,native-replica-2,
1806,1766871072.7508078,2025-12-27T23:31:12.750808,1.512289047241211,True,native-replica-2,
1807,1766871072.7845721,2025-12-27T23:31:12.784572,2.009153366088867,True,native-replica-2,
1808,1766871072.8180687,2025-12-27T23:31:12.818069,1.5490055084228516,True,native-replica-2,
1809,1766871072.8516433,2025-12-27T23:31:12.851643,2.00653076171875,True,native-replica-2,
1810,1766871072.8853052,2025-12-27T23:31:12.885305,1.7635822296142578,True,native-replica-2,
1811,1766871072.9191968,2025-12-27T23:31:12.919197,2.0093917846679688,True,native-replica-2,
1812,1766871072.9530993,2025-12-27T23:31:12.953099,1.5125274658203125,True,native-replica-2,
1813,1766871072.9872332,2025-12-27T23:31:12.987233,1.5125274658203125,True,native-replica-2,
1814,1766871073.0210922,2025-12-27T23:31:13.021092,1.007080078125,True,native-replica-2,
1815,1766871073.055873,2025-12-27T23:31:13.055873,2.027273178100586,True,native-replica-2,
1816,1766871073.0899365,2025-12-27T23:31:13.089936,2.0089149475097656,True,native-replica-2,
1817,1766871073.1235416,2025-12-27T23:31:13.123542,1.5282630920410156,True,native-replica-2,
1818,1766871073.1576695,2025-12-27T23:31:13.157670,1.6481876373291016,True,native-replica-2,
1819,1766871073.1915212,2025-12-27T23:31:13.191521,1.512765884399414,True,native-replica-2,
1820,1766871073.2255702,2025-12-27T23:31:13.225570,1.51824951171875,True,native-replica-2,
1821,1766871073.2596009,2025-12-27T23:31:13.259601,2.0122528076171875,True,native-replica-2,
1822,1766871073.2932706,2025-12-27T23:31:13.293271,1.0097026824951172,True,native-replica-2,
1823,1766871073.3278236,2025-12-27T23:31:13.327824,2.0096302032470703,True,native-replica-2,
1824,1766871073.361348,2025-12-27T23:31:13.361348,1.0089874267578125,True,native-replica-2,
1825,1766871073.3958876,2025-12-27T23:31:13.395888,1.5175342559814453,True,native-replica-2,
1826,1766871073.430013,2025-12-27T23:31:13.430013,1.5146732330322266,True,native-replica-2,
1827,1766871073.4640496,2025-12-27T23:31:13.464050,2.5157928466796875,True,native-replica-2,
1828,1766871073.498598,2025-12-27T23:31:13.498598,1.0094642639160156,True,native-replica-2,
1829,1766871073.5330985,2025-12-27T23:31:13.533098,2.00653076171875,True,native-replica-2,
1830,1766871073.566798,2025-12-27T23:31:13.566798,1.522064208984375,True,native-replica-2,
1831,1766871073.6006758,2025-12-27T23:31:13.600676,1.5187263488769531,True,native-replica-2,
1832,1766871073.634242,2025-12-27T23:31:13.634242,1.0077953338623047,True,native-replica-2,
1833,1766871073.6681466,2025-12-27T23:31:13.668147,1.5206336975097656,True,native-replica-2,
1834,1766871073.7019355,2025-12-27T23:31:13.701936,1.512765884399414,True,native-replica-2,
1835,1766871073.7356567,2025-12-27T23:31:13.735657,1.5125274658203125,True,native-replica-2,
1836,1766871073.7695053,2025-12-27T23:31:13.769505,1.5132427215576172,True,native-replica-2,
1837,1766871073.803392,2025-12-27T23:31:13.803392,1.0063648223876953,True,native-replica-2,
1838,1766871073.8377764,2025-12-27T23:31:13.837776,1.5118122100830078,True,native-replica-2,
1839,1766871073.8721087,2025-12-27T23:31:13.872109,1.0073184967041016,True,native-replica-2,
1840,1766871073.9062812,2025-12-27T23:31:13.906281,1.512289047241211,True,native-replica-2,
1841,1766871073.9402654,2025-12-27T23:31:13.940265,1.516103744506836,True,native-replica-2,
1842,1766871073.9739296,2025-12-27T23:31:13.973930,1.8720626831054688,True,native-replica-2,
1843,1766871074.007571,2025-12-27T23:31:14.007571,1.5118122100830078,True,native-replica-2,
1844,1766871074.0413,2025-12-27T23:31:14.041300,0.5044937133789062,True,native-replica-2,
1845,1766871074.075705,2025-12-27T23:31:14.075705,1.5137195587158203,True,native-replica-2,
1846,1766871074.1095831,2025-12-27T23:31:14.109583,1.5022754669189453,True,native-replica-2,
1847,1766871074.1435828,2025-12-27T23:31:14.143583,1.6052722930908203,True,native-replica-2,
1848,1766871074.1775806,2025-12-27T23:31:14.177581,2.016305923461914,True,native-replica-2,
1849,1766871074.211673,2025-12-27T23:31:14.211673,1.7731189727783203,True,native-replica-2,
1850,1766871074.245672,2025-12-27T23:31:14.245672,0.5052089691162109,True,native-replica-2,
1851,1766871074.280521,2025-12-27T23:31:14.280521,1.5132427215576172,True,native-replica-2,
1852,1766871074.3144467,2025-12-27T23:31:14.314447,1.2385845184326172,True,native-replica-2,
1853,1766871074.3483224,2025-12-27T23:31:14.348322,1.6925334930419922,True,native-replica-2,
1854,1766871074.3820426,2025-12-27T23:31:14.382043,1.0066032409667969,True,native-replica-2,
1855,1766871074.4161353,2025-12-27T23:31:14.416135,1.0066032409667969,True,native-replica-2,
1856,1766871074.4507508,2025-12-27T23:31:14.450751,1.5172958374023438,True,native-replica-2,
1857,1766871074.4849145,2025-12-27T23:31:14.484915,2.012491226196289,True,native-replica-2,
1858,1766871074.5186095,2025-12-27T23:31:14.518610,1.5146732330322266,True,native-replica-2,
1859,1766871074.5522823,2025-12-27T23:31:14.552282,1.499176025390625,True,native-replica-2,
1860,1766871074.5863528,2025-12-27T23:31:14.586353,1.5153884887695312,True,native-replica-2,
1861,1766871074.6205292,2025-12-27T23:31:14.620529,1.0099411010742188,True,native-replica-2,
1862,1766871074.654956,2025-12-27T23:31:14.654956,2.0143985748291016,True,native-replica-2,
1863,1766871074.6886802,2025-12-27T23:31:14.688680,1.4958381652832031,True,native-replica-2,
1864,1766871074.7227054,2025-12-27T23:31:14.722705,1.009225845336914,True,native-replica-2,
1865,1766871074.7571986,2025-12-27T23:31:14.757199,1.5201568603515625,True,native-replica-2,
1866,1766871074.791044,2025-12-27T23:31:14.791044,1.0056495666503906,True,native-replica-2,
1867,1766871074.8255749,2025-12-27T23:31:14.825575,1.4765262603759766,True,native-replica-2,
1868,1766871074.8594775,2025-12-27T23:31:14.859478,1.519918441772461,True,native-replica-2,
1869,1766871074.8931737,2025-12-27T23:31:14.893174,1.008749008178711,True,native-replica-2,
1870,1766871074.9277003,2025-12-27T23:31:14.927700,1.5106201171875,True,native-replica-2,
1871,1766871074.9622152,2025-12-27T23:31:14.962215,0.6277561187744141,True,native-replica-2,
1872,1766871074.9972508,2025-12-27T23:31:14.997251,1.5130043029785156,True,native-replica-2,
1873,1766871075.0313432,2025-12-27T23:31:15.031343,1.4922618865966797,True,native-replica-2,
1874,1766871075.0654242,2025-12-27T23:31:15.065424,2.0096302032470703,True,native-replica-2,
1875,1766871075.0992308,2025-12-27T23:31:15.099231,1.524209976196289,True,native-replica-2,
1876,1766871075.1330085,2025-12-27T23:31:15.133008,1.5218257904052734,True,native-replica-2,
1877,1766871075.1669595,2025-12-27T23:31:15.166960,1.5139579772949219,True,native-replica-2,
1878,1766871075.2012317,2025-12-27T23:31:15.201232,1.512765884399414,True,native-replica-2,
1879,1766871075.234777,2025-12-27T23:31:15.234777,1.0080337524414062,True,native-replica-2,
1880,1766871075.2692006,2025-12-27T23:31:15.269201,1.009225845336914,True,native-replica-2,
1881,1766871075.3034818,2025-12-27T23:31:15.303482,1.5146732330322266,True,native-replica-2,
1882,1766871075.3380127,2025-12-27T23:31:15.338013,1.9657611846923828,True,native-replica-2,
1883,1766871075.3719897,2025-12-27T23:31:15.371990,1.512765884399414,True,native-replica-2,
1884,1766871075.4056184,2025-12-27T23:31:15.405618,1.5115737915039062,True,native-replica-2,
1885,1766871075.4393094,2025-12-27T23:31:15.439309,1.512765884399414,True,native-replica-2,
1886,1766871075.4735134,2025-12-27T23:31:15.473513,1.0063648223876953,True,native-replica-2,
1887,1766871075.5080137,2025-12-27T23:31:15.508014,1.5103816986083984,True,native-replica-2,
1888,1766871075.543605,2025-12-27T23:31:15.543605,2.0055770874023438,True,native-replica-2,
1889,1766871075.5773447,2025-12-27T23:31:15.577345,2.0084381103515625,True,native-replica-2,
1890,1766871075.6109946,2025-12-27T23:31:15.610995,0.5049705505371094,True,native-replica-2,
1891,1766871075.645689,2025-12-27T23:31:15.645689,1.5151500701904297,True,native-replica-2,
1892,1766871075.6797302,2025-12-27T23:31:15.679730,1.5108585357666016,True,native-replica-2,
1893,1766871075.7141619,2025-12-27T23:31:15.714162,2.0072460174560547,True,native-replica-2,
1894,1766871075.747954,2025-12-27T23:31:15.747954,1.0058879852294922,True,native-replica-2,
1895,1766871075.7824805,2025-12-27T23:31:15.782480,1.512289047241211,True,native-replica-2,
1896,1766871075.8163602,2025-12-27T23:31:15.816360,1.512289047241211,True,native-replica-2,
1897,1766871075.8503914,2025-12-27T23:31:15.850391,1.5225410461425781,True,native-replica-2,
1898,1766871075.8843763,2025-12-27T23:31:15.884376,1.0113716125488281,True,native-replica-2,
1899,1766871075.918758,2025-12-27T23:31:15.918758,3.0100345611572266,True,native-replica-2,
1900,1766871075.9529903,2025-12-27T23:31:15.952990,2.009153366088867,True,native-replica-2,
1901,1766871075.9870627,2025-12-27T23:31:15.987063,1.0709762573242188,True,native-replica-2,
1902,1766871076.021657,2025-12-27T23:31:16.021657,1.1868476867675781,True,native-replica-2,
1903,1766871076.055692,2025-12-27T23:31:16.055692,1.920938491821289,True,native-replica-2,
1904,1766871076.0893779,2025-12-27T23:31:16.089378,2.0105838775634766,True,native-replica-2,
1905,1766871076.1229253,2025-12-27T23:31:16.122925,1.5194416046142578,True,native-replica-2,
1906,1766871076.1565816,2025-12-27T23:31:16.156582,1.5003681182861328,True,native-replica-2,
1907,1766871076.1902547,2025-12-27T23:31:16.190255,1.0099411010742188,True,native-replica-2,
1908,1766871076.224969,2025-12-27T23:31:16.224969,1.5163421630859375,True,native-replica-2,
1909,1766871076.2590208,2025-12-27T23:31:16.259021,1.537322998046875,True,native-replica-2,
1910,1766871076.2927346,2025-12-27T23:31:16.292735,1.512765884399414,True,native-replica-2,
1911,1766871076.326549,2025-12-27T23:31:16.326549,1.0066032409667969,True,native-replica-2,
1912,1766871076.361105,2025-12-27T23:31:16.361105,0.7193088531494141,True,native-replica-2,
1913,1766871076.395682,2025-12-27T23:31:16.395682,1.4481544494628906,True,native-replica-2,
1914,1766871076.4295118,2025-12-27T23:31:16.429512,1.6293525695800781,True,native-replica-2,
1915,1766871076.463413,2025-12-27T23:31:16.463413,1.6307830810546875,True,native-replica-2,
1916,1766871076.4973586,2025-12-27T23:31:16.497359,1.4226436614990234,True,native-replica-2,
1917,1766871076.531378,2025-12-27T23:31:16.531378,1.6515254974365234,True,native-replica-2,
1918,1766871076.5651138,2025-12-27T23:31:16.565114,1.3213157653808594,True,native-replica-2,
1919,1766871076.599284,2025-12-27T23:31:16.599284,1.0068416595458984,True,native-replica-2,
1920,1766871076.6335673,2025-12-27T23:31:16.633567,1.0075569152832031,True,native-replica-2,
1921,1766871076.6677556,2025-12-27T23:31:16.667756,1.0058879852294922,True,native-replica-2,
1922,1766871076.702455,2025-12-27T23:31:16.702455,1.0066032409667969,True,native-replica-2,
1923,1766871076.737022,2025-12-27T23:31:16.737022,1.7011165618896484,True,native-replica-2,
1924,1766871076.771317,2025-12-27T23:31:16.771317,1.007080078125,True,native-replica-2,
1925,1766871076.8056166,2025-12-27T23:31:16.805617,1.5120506286621094,True,native-replica-2,
1926,1766871076.8395867,2025-12-27T23:31:16.839587,0.5085468292236328,True,native-replica-2,
1927,1766871076.8745368,2025-12-27T23:31:16.874537,1.0080337524414062,True,native-replica-2,
1928,1766871076.9091556,2025-12-27T23:31:16.909156,1.5130043029785156,True,native-replica-2,
1929,1766871076.943397,2025-12-27T23:31:16.943397,1.4019012451171875,True,native-replica-2,
1930,1766871076.9769716,2025-12-27T23:31:16.976972,1.6570091247558594,True,native-replica-2,
1931,1766871077.0104728,2025-12-27T23:31:17.010473,0.5047321319580078,True,native-replica-2,
1932,1766871077.0452452,2025-12-27T23:31:17.045245,2.0079612731933594,True,native-replica-2,
1933,1766871077.078787,2025-12-27T23:31:17.078787,1.4698505401611328,True,native-replica-2,
1934,1766871077.1128516,2025-12-27T23:31:17.112852,1.0218620300292969,True,native-replica-2,
1935,1766871077.1475604,2025-12-27T23:31:17.147560,1.5420913696289062,True,native-replica-2,
1936,1766871077.1813066,2025-12-27T23:31:17.181307,1.5146732330322266,True,native-replica-2,
1937,1766871077.2153301,2025-12-27T23:31:17.215330,1.5151500701904297,True,native-replica-2,
1938,1766871077.2491446,2025-12-27T23:31:17.249145,1.524209976196289,True,native-replica-2,
1939,1766871077.283079,2025-12-27T23:31:17.283079,1.6245841979980469,True,native-replica-2,
1940,1766871077.3172386,2025-12-27T23:31:17.317239,1.5156269073486328,True,native-replica-2,
1941,1766871077.3513198,2025-12-27T23:31:17.351320,2.0198822021484375,True,native-replica-2,
1942,1766871077.3850772,2025-12-27T23:31:17.385077,1.514434814453125,True,native-replica-2,
1943,1766871077.4189055,2025-12-27T23:31:17.418905,1.0063648223876953,True,native-replica-2,
1944,1766871077.4531646,2025-12-27T23:31:17.453165,1.0066032409667969,True,native-replica-2,
1945,1766871077.487419,2025-12-27T23:31:17.487419,1.5141963958740234,True,native-replica-2,
1946,1766871077.521455,2025-12-27T23:31:17.521455,1.5206336975097656,True,native-replica-2,
1947,1766871077.5557916,2025-12-27T23:31:17.555792,1.5184879302978516,True,native-replica-2,
1948,1766871077.5904245,2025-12-27T23:31:17.590425,1.5714168548583984,True,native-replica-2,
1949,1766871077.6240737,2025-12-27T23:31:17.624074,1.9979476928710938,True,native-replica-2,
1950,1766871077.6585758,2025-12-27T23:31:17.658576,0.5824565887451172,True,native-replica-2,
1951,1766871077.69355,2025-12-27T23:31:17.693550,1.728057861328125,True,native-replica-2,
1952,1766871077.7276227,2025-12-27T23:31:17.727623,1.5659332275390625,True,native-replica-2,
1953,1766871077.7611442,2025-12-27T23:31:17.761144,1.0099411010742188,True,native-replica-2,
1954,1766871077.7955294,2025-12-27T23:31:17.795529,1.308441162109375,True,native-replica-2,
1955,1766871077.8303792,2025-12-27T23:31:17.830379,1.516580581665039,True,native-replica-2,
1956,1766871077.8643415,2025-12-27T23:31:17.864341,1.008749008178711,True,native-replica-2,
1957,1766871077.8991725,2025-12-27T23:31:17.899173,1.0099411010742188,True,native-replica-2,
1958,1766871077.9337196,2025-12-27T23:31:17.933720,2.0096302032470703,True,native-replica-2,
1959,1766871077.9675324,2025-12-27T23:31:17.967532,1.085042953491211,True,native-replica-2,
1960,1766871078.0017269,2025-12-27T23:31:18.001727,1.8801689147949219,True,native-replica-2,
1961,1766871078.0357726,2025-12-27T23:31:18.035773,1.0068416595458984,True,native-replica-2,
1962,1766871078.0699415,2025-12-27T23:31:18.069942,1.5115737915039062,True,native-replica-2,
1963,1766871078.1036482,2025-12-27T23:31:18.103648,1.0066032409667969,True,native-replica-2,
1964,1766871078.137902,2025-12-27T23:31:18.137902,2.009868621826172,True,native-replica-2,
1965,1766871078.171946,2025-12-27T23:31:18.171946,1.5225410461425781,True,native-replica-2,
1966,1766871078.2058933,2025-12-27T23:31:18.205893,1.5158653259277344,True,native-replica-2,
1967,1766871078.2397947,2025-12-27T23:31:18.239795,1.0075569152832031,True,native-replica-2,
1968,1766871078.2741868,2025-12-27T23:31:18.274187,1.0068416595458984,True,native-replica-2,
1969,1766871078.308394,2025-12-27T23:31:18.308394,1.5153884887695312,True,native-replica-2,
1970,1766871078.3425076,2025-12-27T23:31:18.342508,1.4159679412841797,True,native-replica-2,
1971,1766871078.3765569,2025-12-27T23:31:18.376557,1.7604827880859375,True,native-replica-2,
1972,1766871078.4105554,2025-12-27T23:31:18.410555,1.516580581665039,True,native-replica-2,
1973,1766871078.4444227,2025-12-27T23:31:18.444423,1.0113716125488281,True,native-replica-2,
1974,1766871078.4788768,2025-12-27T23:31:18.478877,1.9500255584716797,True,native-replica-2,
1975,1766871078.5128453,2025-12-27T23:31:18.512845,1.0120868682861328,True,native-replica-2,
1976,1766871078.547836,2025-12-27T23:31:18.547836,1.0077953338623047,True,native-replica-2,
1977,1766871078.5824394,2025-12-27T23:31:18.582439,1.0097026824951172,True,native-replica-2,
1978,1766871078.6162605,2025-12-27T23:31:18.616261,1.5125274658203125,True,native-replica-2,
1979,1766871078.6502278,2025-12-27T23:31:18.650228,1.008749008178711,True,native-replica-2,
1980,1766871078.684611,2025-12-27T23:31:18.684611,1.0089874267578125,True,native-replica-2,
1981,1766871078.7192197,2025-12-27T23:31:18.719220,1.5156269073486328,True,native-replica-2,
1982,1766871078.7533278,2025-12-27T23:31:18.753328,1.7838478088378906,True,native-replica-2,
1983,1766871078.7869925,2025-12-27T23:31:18.786993,1.619100570678711,True,native-replica-2,
1984,1766871078.8210998,2025-12-27T23:31:18.821100,2.0101070404052734,True,native-replica-2,
1985,1766871078.855269,2025-12-27T23:31:18.855269,1.012563705444336,True,native-replica-2,
1986,1766871078.8896296,2025-12-27T23:31:18.889630,2.022981643676758,True,native-replica-2,
1987,1766871078.923728,2025-12-27T23:31:18.923728,1.4863014221191406,True,native-replica-2,
1988,1766871078.9578354,2025-12-27T23:31:18.957835,1.5132427215576172,True,native-replica-2,
1989,1766871078.991785,2025-12-27T23:31:18.991785,1.5187263488769531,True,native-replica-2,
1990,1766871079.0258253,2025-12-27T23:31:19.025825,1.6117095947265625,True,native-replica-2,
1991,1766871079.0600626,2025-12-27T23:31:19.060063,1.0082721710205078,True,native-replica-2,
1992,1766871079.0945268,2025-12-27T23:31:19.094527,1.5118122100830078,True,native-replica-2,
1993,1766871079.128438,2025-12-27T23:31:19.128438,1.5118122100830078,True,native-replica-2,
1994,1766871079.1622236,2025-12-27T23:31:19.162224,2.0074844360351562,True,native-replica-2,
1995,1766871079.1960244,2025-12-27T23:31:19.196024,1.0116100311279297,True,native-replica-2,
1996,1766871079.2303436,2025-12-27T23:31:19.230344,1.0247230529785156,True,native-replica-2,
1997,1766871079.2647996,2025-12-27T23:31:19.264800,2.077341079711914,True,native-replica-2,
1998,1766871079.2987137,2025-12-27T23:31:19.298714,1.0075569152832031,True,native-replica-2,
1999,1766871079.3329687,2025-12-27T23:31:19.332969,1.5628337860107422,True,native-replica-2,
2000,1766871079.366478,2025-12-27T23:31:19.366478,1.5110969543457031,True,native-replica-2,
2001,1766871079.4005175,2025-12-27T23:31:19.400517,1.0068416595458984,True,native-replica-2,
2002,1766871079.4351268,2025-12-27T23:31:19.435127,1.5130043029785156,True,native-replica-2,
2003,1766871079.4691892,2025-12-27T23:31:19.469189,1.0073184967041016,True,native-replica-2,
2004,1766871079.5036342,2025-12-27T23:31:19.503634,1.0075569152832031,True,native-replica-2,
2005,1766871079.53817,2025-12-27T23:31:19.538170,1.5139579772949219,True,native-replica-2,
2006,1766871079.571843,2025-12-27T23:31:19.571843,1.0073184967041016,True,native-replica-2,
2007,1766871079.6063588,2025-12-27T23:31:19.606359,1.0068416595458984,True,native-replica-2,
2008,1766871079.6409316,2025-12-27T23:31:19.640932,1.5180110931396484,True,native-replica-2,
2009,1766871079.6746783,2025-12-27T23:31:19.674678,1.5189647674560547,True,native-replica-2,
2010,1766871079.7087097,2025-12-27T23:31:19.708710,1.5125274658203125,True,native-replica-2,
2011,1766871079.7433126,2025-12-27T23:31:19.743313,1.5120506286621094,True,native-replica-2,
2012,1766871079.7773001,2025-12-27T23:31:19.777300,1.9230842590332031,True,native-replica-2,
2013,1766871079.8108962,2025-12-27T23:31:19.810896,1.514434814453125,True,native-replica-2,
2014,1766871079.8444936,2025-12-27T23:31:19.844494,1.5153884887695312,True,native-replica-2,
2015,1766871079.8784769,2025-12-27T23:31:19.878477,2.0096302032470703,True,native-replica-2,
2016,1766871079.9119997,2025-12-27T23:31:19.912000,1.3921260833740234,True,native-replica-2,
2017,1766871079.946183,2025-12-27T23:31:19.946183,1.5039443969726562,True,native-replica-2,
2018,1766871079.9799805,2025-12-27T23:31:19.979980,1.5163421630859375,True,native-replica-2,
2019,1766871080.0140066,2025-12-27T23:31:20.014007,1.0077953338623047,True,native-replica-2,
2020,1766871080.0484555,2025-12-27T23:31:20.048455,1.5139579772949219,True,native-replica-2,
2021,1766871080.0830607,2025-12-27T23:31:20.083061,1.0135173797607422,True,native-replica-2,
2022,1766871080.117589,2025-12-27T23:31:20.117589,1.0170936584472656,True,native-replica-2,
2023,1766871080.1521387,2025-12-27T23:31:20.152139,1.0089874267578125,True,native-replica-2,
2024,1766871080.1862495,2025-12-27T23:31:20.186249,1.0068416595458984,True,native-replica-2,
2025,1766871080.2202506,2025-12-27T23:31:20.220251,1.0066032409667969,True,native-replica-2,
2026,1766871080.2542808,2025-12-27T23:31:20.254281,1.5125274658203125,True,native-replica-2,
2027,1766871080.2883098,2025-12-27T23:31:20.288310,1.5132427215576172,True,native-replica-2,
2028,1766871080.3219354,2025-12-27T23:31:20.321935,1.5132427215576172,True,native-replica-2,
2029,1766871080.3559425,2025-12-27T23:31:20.355942,1.5115737915039062,True,native-replica-2,
2030,1766871080.3904245,2025-12-27T23:31:20.390424,1.40380859375,True,native-replica-2,
2031,1766871080.424351,2025-12-27T23:31:20.424351,1.5137195587158203,True,native-replica-2,
2032,1766871080.4583843,2025-12-27T23:31:20.458384,1.8084049224853516,True,native-replica-2,
2033,1766871080.4923964,2025-12-27T23:31:20.492396,1.5137195587158203,True,native-replica-2,
2034,1766871080.5260358,2025-12-27T23:31:20.526036,1.5108585357666016,True,native-replica-2,
2035,1766871080.5598464,2025-12-27T23:31:20.559846,1.0063648223876953,True,native-replica-2,
2036,1766871080.5946205,2025-12-27T23:31:20.594620,2.0096302032470703,True,native-replica-2,
2037,1766871080.629045,2025-12-27T23:31:20.629045,1.3132095336914062,True,native-replica-2,
2038,1766871080.6628835,2025-12-27T23:31:20.662884,2.0093917846679688,True,native-replica-2,
2039,1766871080.6966417,2025-12-27T23:31:20.696642,1.514434814453125,True,native-replica-2,
2040,1766871080.7305102,2025-12-27T23:31:20.730510,2.017974853515625,True,native-replica-2,
2041,1766871080.7645342,2025-12-27T23:31:20.764534,1.514434814453125,True,native-replica-2,
2042,1766871080.7985668,2025-12-27T23:31:20.798567,1.512765884399414,True,native-replica-2,
2043,1766871080.832629,2025-12-27T23:31:20.832629,1.0063648223876953,True,native-replica-2,
2044,1766871080.866902,2025-12-27T23:31:20.866902,1.0058879852294922,True,native-replica-2,
2045,1766871080.9011812,2025-12-27T23:31:20.901181,1.0066032409667969,True,native-replica-2,
2046,1766871080.9356759,2025-12-27T23:31:20.935676,0.5056858062744141,True,native-replica-2,
2047,1766871080.970598,2025-12-27T23:31:20.970598,2.008199691772461,True,native-replica-2,
2048,1766871081.0044322,2025-12-27T23:31:21.004432,1.5146732330322266,True,native-replica-2,
2049,1766871081.03825,2025-12-27T23:31:21.038250,2.198457717895508,True,native-replica-2,
2050,1766871081.0719173,2025-12-27T23:31:21.071917,0.5064010620117188,True,native-replica-2,
2051,1766871081.1068604,2025-12-27T23:31:21.106860,1.5137195587158203,True,native-replica-2,
2052,1766871081.1410306,2025-12-27T23:31:21.141031,1.4810562133789062,True,native-replica-2,
2053,1766871081.1748784,2025-12-27T23:31:21.174878,1.7457008361816406,True,native-replica-2,
2054,1766871081.2086666,2025-12-27T23:31:21.208667,1.5141963958740234,True,native-replica-2,
2055,1766871081.2425568,2025-12-27T23:31:21.242557,1.0094642639160156,True,native-replica-2,
2056,1766871081.277094,2025-12-27T23:31:21.277094,1.5261173248291016,True,native-replica-2,
2057,1766871081.311126,2025-12-27T23:31:21.311126,1.0080337524414062,True,native-replica-2,
2058,1766871081.3456185,2025-12-27T23:31:21.345618,1.5175342559814453,True,native-replica-2,
2059,1766871081.3794441,2025-12-27T23:31:21.379444,1.5201568603515625,True,native-replica-2,
2060,1766871081.413316,2025-12-27T23:31:21.413316,1.5265941619873047,True,native-replica-2,
2061,1766871081.4476476,2025-12-27T23:31:21.447648,1.8467903137207031,True,native-replica-2,
2062,1766871081.4814417,2025-12-27T23:31:21.481442,1.51824951171875,True,native-replica-2,
2063,1766871081.5152295,2025-12-27T23:31:21.515229,0.5235671997070312,True,native-replica-2,
2064,1766871081.5502508,2025-12-27T23:31:21.550251,2.0067691802978516,True,native-replica-2,
2065,1766871081.5840065,2025-12-27T23:31:21.584007,1.5211105346679688,True,native-replica-2,
2066,1766871081.6177871,2025-12-27T23:31:21.617787,1.5130043029785156,True,native-replica-2,
2067,1766871081.651616,2025-12-27T23:31:21.651616,1.0058879852294922,True,native-replica-2,
2068,1766871081.68604,2025-12-27T23:31:21.686040,1.0077953338623047,True,native-replica-2,
2069,1766871081.7208207,2025-12-27T23:31:21.720821,1.5299320220947266,True,native-replica-2,
2070,1766871081.7546399,2025-12-27T23:31:21.754640,1.5132427215576172,True,native-replica-2,
2071,1766871081.788798,2025-12-27T23:31:21.788798,1.0085105895996094,True,native-replica-2,
2072,1766871081.8232472,2025-12-27T23:31:21.823247,1.5120506286621094,True,native-replica-2,
2073,1766871081.8574045,2025-12-27T23:31:21.857404,2.010822296142578,True,native-replica-2,
2074,1766871081.891768,2025-12-27T23:31:21.891768,1.0068416595458984,True,native-replica-2,
2075,1766871081.926108,2025-12-27T23:31:21.926108,1.5110969543457031,True,native-replica-2,
2076,1766871081.9596817,2025-12-27T23:31:21.959682,1.0066032409667969,True,native-replica-2,
2077,1766871081.9937034,2025-12-27T23:31:21.993703,1.007080078125,True,native-replica-2,
2078,1766871082.0282485,2025-12-27T23:31:22.028249,1.0077953338623047,True,native-replica-2,
2079,1766871082.0627432,2025-12-27T23:31:22.062743,1.7852783203125,True,native-replica-2,
2080,1766871082.096922,2025-12-27T23:31:22.096922,1.5146732330322266,True,native-replica-2,
2081,1766871082.1310887,2025-12-27T23:31:22.131089,2.0203590393066406,True,native-replica-2,
2082,1766871082.16486,2025-12-27T23:31:22.164860,0.5230903625488281,True,native-replica-2,
2083,1766871082.199573,2025-12-27T23:31:22.199573,1.007080078125,True,native-replica-2,
2084,1766871082.233681,2025-12-27T23:31:22.233681,1.41143798828125,True,native-replica-2,
2085,1766871082.2675886,2025-12-27T23:31:22.267589,1.5141963958740234,True,native-replica-2,
2086,1766871082.3011246,2025-12-27T23:31:22.301125,1.512289047241211,True,native-replica-2,
2087,1766871082.3351572,2025-12-27T23:31:22.335157,1.5146732330322266,True,native-replica-2,
2088,1766871082.3689797,2025-12-27T23:31:22.368980,1.0085105895996094,True,native-replica-2,
2089,1766871082.403703,2025-12-27T23:31:22.403703,1.0089874267578125,True,native-replica-2,
2090,1766871082.4382486,2025-12-27T23:31:22.438249,1.6298294067382812,True,native-replica-2,
2091,1766871082.4723048,2025-12-27T23:31:22.472305,1.0106563568115234,True,native-replica-2,
2092,1766871082.5064662,2025-12-27T23:31:22.506466,1.5151500701904297,True,native-replica-2,
2093,1766871082.5402346,2025-12-27T23:31:22.540235,1.6021728515625,True,native-replica-2,
2094,1766871082.5737693,2025-12-27T23:31:22.573769,1.0178089141845703,True,native-replica-2,
2095,1766871082.6081774,2025-12-27T23:31:22.608177,1.0142326354980469,True,native-replica-2,
2096,1766871082.6427062,2025-12-27T23:31:22.642706,1.0075569152832031,True,native-replica-2,
2097,1766871082.6771474,2025-12-27T23:31:22.677147,1.4715194702148438,True,native-replica-2,
2098,1766871082.7111058,2025-12-27T23:31:22.711106,1.5213489532470703,True,native-replica-2,
2099,1766871082.7453773,2025-12-27T23:31:22.745377,1.0075569152832031,True,native-replica-2,
2100,1766871082.7800214,2025-12-27T23:31:22.780021,1.5130043029785156,True,native-replica-2,
2101,1766871082.8136723,2025-12-27T23:31:22.813672,1.512289047241211,True,native-replica-2,
2102,1766871082.848737,2025-12-27T23:31:22.848737,1.0006427764892578,True,native-replica-2,
2103,1766871082.8836296,2025-12-27T23:31:22.883630,2.0072460174560547,True,native-replica-2,
2104,1766871082.9176347,2025-12-27T23:31:22.917635,1.5151500701904297,True,native-replica-2,
2105,1766871082.9510732,2025-12-27T23:31:22.951073,1.5125274658203125,True,native-replica-2,
2106,1766871082.9851723,2025-12-27T23:31:22.985172,0.5068778991699219,True,native-replica-2,
2107,1766871083.0201852,2025-12-27T23:31:23.020185,1.0101795196533203,True,native-replica-2,
2108,1766871083.0543644,2025-12-27T23:31:23.054364,0.5056858062744141,True,native-replica-2,
2109,1766871083.0893347,2025-12-27T23:31:23.089335,1.4061927795410156,True,native-replica-2,
2110,1766871083.123424,2025-12-27T23:31:23.123424,2.010822296142578,True,native-replica-2,
2111,1766871083.1574888,2025-12-27T23:31:23.157489,1.5139579772949219,True,native-replica-2,
2112,1766871083.1912787,2025-12-27T23:31:23.191279,1.0058879852294922,True,native-replica-2,
2113,1766871083.2253668,2025-12-27T23:31:23.225367,1.0075569152832031,True,native-replica-2,
2114,1766871083.2596498,2025-12-27T23:31:23.259650,1.5137195587158203,True,native-replica-2,
2115,1766871083.2936592,2025-12-27T23:31:23.293659,1.5130043029785156,True,native-replica-2,
2116,1766871083.327626,2025-12-27T23:31:23.327626,1.5480518341064453,True,native-replica-2,
2117,1766871083.3613849,2025-12-27T23:31:23.361385,1.512289047241211,True,native-replica-2,
2118,1766871083.3957465,2025-12-27T23:31:23.395746,1.7638206481933594,True,native-replica-2,
2119,1766871083.4297,2025-12-27T23:31:23.429700,1.0077953338623047,True,native-replica-2,
2120,1766871083.4642797,2025-12-27T23:31:23.464280,1.828908920288086,True,native-replica-2,
2121,1766871083.4981909,2025-12-27T23:31:23.498191,1.470327377319336,True,native-replica-2,
2122,1766871083.5322244,2025-12-27T23:31:23.532224,1.4328956604003906,True,native-replica-2,
2123,1766871083.5662887,2025-12-27T23:31:23.566289,1.5180110931396484,True,native-replica-2,
2124,1766871083.599987,2025-12-27T23:31:23.599987,1.0123252868652344,True,native-replica-2,
2125,1766871083.634597,2025-12-27T23:31:23.634597,1.008749008178711,True,native-replica-2,
2126,1766871083.668729,2025-12-27T23:31:23.668729,1.0104179382324219,True,native-replica-2,
2127,1766871083.7029624,2025-12-27T23:31:23.702962,1.0104179382324219,True,native-replica-2,
2128,1766871083.7375145,2025-12-27T23:31:23.737514,1.0111331939697266,True,native-replica-2,
2129,1766871083.7720437,2025-12-27T23:31:23.772044,1.5153884887695312,True,native-replica-2,
2130,1766871083.8060775,2025-12-27T23:31:23.806077,1.0104179382324219,True,native-replica-2,
2131,1766871083.840551,2025-12-27T23:31:23.840551,1.0144710540771484,True,native-replica-2,
2132,1766871083.8749669,2025-12-27T23:31:23.874967,1.5156269073486328,True,native-replica-2,
2133,1766871083.909306,2025-12-27T23:31:23.909306,1.4803409576416016,True,native-replica-2,
2134,1766871083.9433846,2025-12-27T23:31:23.943385,1.5170574188232422,True,native-replica-2,
2135,1766871083.9777093,2025-12-27T23:31:23.977709,3.8576126098632812,True,native-replica-2,
2136,1766871084.01169,2025-12-27T23:31:24.011690,1.4929771423339844,True,native-replica-2,
2137,1766871084.0454085,2025-12-27T23:31:24.045408,1.8811225891113281,True,native-replica-2,
2138,1766871084.0790823,2025-12-27T23:31:24.079082,2.011537551879883,True,native-replica-2,
2139,1766871084.1126482,2025-12-27T23:31:24.112648,2.130746841430664,True,native-replica-2,
2140,1766871084.1466746,2025-12-27T23:31:24.146675,0.8256435394287109,True,native-replica-2,
2141,1766871084.181326,2025-12-27T23:31:24.181326,1.5175342559814453,True,native-replica-2,
2142,1766871084.2153668,2025-12-27T23:31:24.215367,1.4734268188476562,True,native-replica-2,
2143,1766871084.2495635,2025-12-27T23:31:24.249563,1.0135173797607422,True,native-replica-2,
2144,1766871084.2841065,2025-12-27T23:31:24.284106,1.6837120056152344,True,native-replica-2,
2145,1766871084.3179088,2025-12-27T23:31:24.317909,2.3636817932128906,True,native-replica-2,
2146,1766871084.3513997,2025-12-27T23:31:24.351400,1.0073184967041016,True,native-replica-2,
2147,1766871084.3856132,2025-12-27T23:31:24.385613,1.7409324645996094,True,native-replica-2,
2148,1766871084.4195492,2025-12-27T23:31:24.419549,1.180410385131836,True,native-replica-2,
2149,1766871084.4538007,2025-12-27T23:31:24.453801,1.0075569152832031,True,native-replica-2,
2150,1766871084.4883776,2025-12-27T23:31:24.488378,1.1889934539794922,True,native-replica-2,
2151,1766871084.5225165,2025-12-27T23:31:24.522516,1.512289047241211,True,native-replica-2,
2152,1766871084.5564263,2025-12-27T23:31:24.556426,22.878408432006836,True,native-replica-2,
2153,1766871084.5909748,2025-12-27T23:31:24.590975,0.5047321319580078,True,native-replica-2,
2154,1766871084.6256635,2025-12-27T23:31:24.625664,1.7457008361816406,True,native-replica-2,
2155,1766871084.659301,2025-12-27T23:31:24.659301,1.5130043029785156,True,native-replica-2,
2156,1766871084.693298,2025-12-27T23:31:24.693298,2.006053924560547,True,native-replica-2,
2157,1766871084.7268639,2025-12-27T23:31:24.726864,1.3980865478515625,True,native-replica-2,
2158,1766871084.760835,2025-12-27T23:31:24.760835,1.516580581665039,True,native-replica-2,
2159,1766871084.794493,2025-12-27T23:31:24.794493,1.5156269073486328,True,native-replica-2,
2160,1766871084.8285272,2025-12-27T23:31:24.828527,1.0113716125488281,True,native-replica-2,
2161,1766871084.8630686,2025-12-27T23:31:24.863069,1.5645027160644531,True,native-replica-2,
2162,1766871084.8966763,2025-12-27T23:31:24.896676,2.010345458984375,True,native-replica-2,
2163,1766871084.9315724,2025-12-27T23:31:24.931572,1.9936561584472656,True,native-replica-2,
2164,1766871084.9656138,2025-12-27T23:31:24.965614,2.0112991333007812,True,native-replica-2,
2165,1766871084.999372,2025-12-27T23:31:24.999372,1.1615753173828125,True,native-replica-2,
2166,1766871085.0337942,2025-12-27T23:31:25.033794,1.5180110931396484,True,native-replica-2,
2167,1766871085.0678275,2025-12-27T23:31:25.067827,1.0094642639160156,True,native-replica-2,
2168,1766871085.1023712,2025-12-27T23:31:25.102371,1.5180110931396484,True,native-replica-2,
2169,1766871085.1359239,2025-12-27T23:31:25.135924,1.516580581665039,True,native-replica-2,
2170,1766871085.1697843,2025-12-27T23:31:25.169784,1.5153884887695312,True,native-replica-2,
2171,1766871085.203775,2025-12-27T23:31:25.203775,1.6853809356689453,True,native-replica-2,
2172,1766871085.2375257,2025-12-27T23:31:25.237526,1.0113716125488281,True,native-replica-2,
2173,1766871085.2718751,2025-12-27T23:31:25.271875,1.5118122100830078,True,native-replica-2,
2174,1766871085.3061473,2025-12-27T23:31:25.306147,1.007080078125,True,native-replica-2,
2175,1766871085.340538,2025-12-27T23:31:25.340538,1.565694808959961,True,native-replica-2,
2176,1766871085.3740294,2025-12-27T23:31:25.374029,1.6422271728515625,True,native-replica-2,
2177,1766871085.4078684,2025-12-27T23:31:25.407868,1.519918441772461,True,native-replica-2,
2178,1766871085.4420626,2025-12-27T23:31:25.442063,1.0073184967041016,True,native-replica-2,
2179,1766871085.4760766,2025-12-27T23:31:25.476077,1.5132427215576172,True,native-replica-2,
2180,1766871085.5099947,2025-12-27T23:31:25.509995,1.0080337524414062,True,native-replica-2,
2181,1766871085.5445392,2025-12-27T23:31:25.544539,2.0074844360351562,True,native-replica-2,
2182,1766871085.578186,2025-12-27T23:31:25.578186,1.0073184967041016,True,native-replica-2,
2183,1766871085.6126359,2025-12-27T23:31:25.612636,1.4917850494384766,True,native-replica-2,
2184,1766871085.646729,2025-12-27T23:31:25.646729,1.6264915466308594,True,native-replica-2,
2185,1766871085.6802797,2025-12-27T23:31:25.680280,1.5854835510253906,True,native-replica-2,
2186,1766871085.713809,2025-12-27T23:31:25.713809,1.1546611785888672,True,native-replica-2,
2187,1766871085.7486129,2025-12-27T23:31:25.748613,1.5118122100830078,True,native-replica-2,
2188,1766871085.783049,2025-12-27T23:31:25.783049,1.4142990112304688,True,native-replica-2,
2189,1766871085.8168805,2025-12-27T23:31:25.816880,1.512289047241211,True,native-replica-2,
2190,1766871085.8506413,2025-12-27T23:31:25.850641,2.0079612731933594,True,native-replica-2,
2191,1766871085.8844788,2025-12-27T23:31:25.884479,2.0020008087158203,True,native-replica-2,
2192,1766871085.918032,2025-12-27T23:31:25.918032,1.5189647674560547,True,native-replica-2,
2193,1766871085.9523137,2025-12-27T23:31:25.952314,2.0062923431396484,True,native-replica-2,
2194,1766871085.9861712,2025-12-27T23:31:25.986171,1.514434814453125,True,native-replica-2,
2195,1766871086.020427,2025-12-27T23:31:26.020427,1.4896392822265625,True,native-replica-2,
2196,1766871086.0545168,2025-12-27T23:31:26.054517,2.0084381103515625,True,native-replica-2,
2197,1766871086.088274,2025-12-27T23:31:26.088274,0.5049705505371094,True,native-replica-2,
2198,1766871086.1231735,2025-12-27T23:31:26.123173,1.007080078125,True,native-replica-2,
2199,1766871086.1575837,2025-12-27T23:31:26.157584,1.5213489532470703,True,native-replica-2,
2200,1766871086.1915464,2025-12-27T23:31:26.191546,1.0075569152832031,True,native-replica-2,
2201,1766871086.2257016,2025-12-27T23:31:26.225702,1.5265941619873047,True,native-replica-2,
2202,1766871086.2594101,2025-12-27T23:31:26.259410,1.5194416046142578,True,native-replica-2,
2203,1766871086.2934039,2025-12-27T23:31:26.293404,1.5196800231933594,True,native-replica-2,
2204,1766871086.3271797,2025-12-27T23:31:26.327180,1.5201568603515625,True,native-replica-2,
2205,1766871086.3611224,2025-12-27T23:31:26.361122,1.5213489532470703,True,native-replica-2,
2206,1766871086.3951824,2025-12-27T23:31:26.395182,1.6772747039794922,True,native-replica-2,
2207,1766871086.42874,2025-12-27T23:31:26.428740,1.0135173797607422,True,native-replica-2,
2208,1766871086.4631908,2025-12-27T23:31:26.463191,1.5163421630859375,True,native-replica-2,
2209,1766871086.4971786,2025-12-27T23:31:26.497179,2.0096302032470703,True,native-replica-2,
2210,1766871086.5310025,2025-12-27T23:31:26.531003,1.51824951171875,True,native-replica-2,
2211,1766871086.5649226,2025-12-27T23:31:26.564923,1.5201568603515625,True,native-replica-2,
2212,1766871086.5990217,2025-12-27T23:31:26.599022,1.5137195587158203,True,native-replica-2,
2213,1766871086.6326072,2025-12-27T23:31:26.632607,1.0073184967041016,True,native-replica-2,
2214,1766871086.6668806,2025-12-27T23:31:26.666881,1.512765884399414,True,native-replica-2,
2215,1766871086.700528,2025-12-27T23:31:26.700528,1.5113353729248047,True,native-replica-2,
2216,1766871086.7346532,2025-12-27T23:31:26.734653,1.5134811401367188,True,native-replica-2,
2217,1766871086.7693014,2025-12-27T23:31:26.769301,1.0097026824951172,True,native-replica-2,
2218,1766871086.8034515,2025-12-27T23:31:26.803452,1.8360614776611328,True,native-replica-2,
2219,1766871086.837333,2025-12-27T23:31:26.837333,1.51824951171875,True,native-replica-2,
2220,1766871086.871497,2025-12-27T23:31:26.871497,2.0339488983154297,True,native-replica-2,
2221,1766871086.90539,2025-12-27T23:31:26.905390,1.0941028594970703,True,native-replica-2,
2222,1766871086.939664,2025-12-27T23:31:26.939664,1.6484260559082031,True,native-replica-2,
2223,1766871086.9734285,2025-12-27T23:31:26.973428,0.5042552947998047,True,native-replica-2,
2224,1766871087.0082211,2025-12-27T23:31:27.008221,1.512289047241211,True,native-replica-2,
2225,1766871087.0424385,2025-12-27T23:31:27.042439,1.007080078125,True,native-replica-2,
2226,1766871087.076685,2025-12-27T23:31:27.076685,1.0058879852294922,True,native-replica-2,
2227,1766871087.1112201,2025-12-27T23:31:27.111220,1.514434814453125,True,native-replica-2,
2228,1766871087.1453588,2025-12-27T23:31:27.145359,1.0073184967041016,True,native-replica-2,
2229,1766871087.1794937,2025-12-27T23:31:27.179494,1.2676715850830078,True,native-replica-2,
2230,1766871087.2139418,2025-12-27T23:31:27.213942,1.0137557983398438,True,native-replica-2,
2231,1766871087.2485867,2025-12-27T23:31:27.248587,1.1301040649414062,True,native-replica-2,
2232,1766871087.28311,2025-12-27T23:31:27.283110,1.5187263488769531,True,native-replica-2,
2233,1766871087.3171394,2025-12-27T23:31:27.317139,2.009868621826172,True,native-replica-2,
2234,1766871087.350706,2025-12-27T23:31:27.350706,1.0099411010742188,True,native-replica-2,
2235,1766871087.3852377,2025-12-27T23:31:27.385238,1.5304088592529297,True,native-replica-2,
2236,1766871087.4188142,2025-12-27T23:31:27.418814,1.4657974243164062,True,native-replica-2,
2237,1766871087.453043,2025-12-27T23:31:27.453043,1.3556480407714844,True,native-replica-2,
2238,1766871087.4869573,2025-12-27T23:31:27.486957,1.516103744506836,True,native-replica-2,
2239,1766871087.521297,2025-12-27T23:31:27.521297,1.5959739685058594,True,native-replica-2,
2240,1766871087.555945,2025-12-27T23:31:27.555945,1.007080078125,True,native-replica-2,
2241,1766871087.5905948,2025-12-27T23:31:27.590595,2.012014389038086,True,native-replica-2,
2242,1766871087.6241274,2025-12-27T23:31:27.624127,1.7445087432861328,True,native-replica-2,
2243,1766871087.6576886,2025-12-27T23:31:27.657689,1.3885498046875,True,native-replica-2,
2244,1766871087.6917064,2025-12-27T23:31:27.691706,1.0077953338623047,True,native-replica-2,
2245,1766871087.7264047,2025-12-27T23:31:27.726405,0.5066394805908203,True,native-replica-2,
2246,1766871087.7613957,2025-12-27T23:31:27.761396,1.0089874267578125,True,native-replica-2,
2247,1766871087.795926,2025-12-27T23:31:27.795926,2.0074844360351562,True,native-replica-2,
2248,1766871087.829709,2025-12-27T23:31:27.829709,1.0097026824951172,True,native-replica-2,
2249,1766871087.8646648,2025-12-27T23:31:27.864665,1.008749008178711,True,native-replica-2,
2250,1766871087.8989954,2025-12-27T23:31:27.898995,1.0068416595458984,True,native-replica-2,
2251,1766871087.9333959,2025-12-27T23:31:27.933396,1.3775825500488281,True,native-replica-2,
2252,1766871087.967437,2025-12-27T23:31:27.967437,1.7859935760498047,True,native-replica-2,
2253,1766871088.0018945,2025-12-27T23:31:28.001894,1.5423297882080078,True,native-replica-2,
2254,1766871088.0360148,2025-12-27T23:31:28.036015,1.527547836303711,True,native-replica-2,
2255,1766871088.0697973,2025-12-27T23:31:28.069797,1.0123252868652344,True,native-replica-2,
2256,1766871088.1250064,2025-12-27T23:31:28.125006,2.114534378051758,True,native-replica-2,
2257,1766871088.1590257,2025-12-27T23:31:28.159026,1.130819320678711,True,native-replica-2,
2258,1766871088.193344,2025-12-27T23:31:28.193344,1.4214515686035156,True,native-replica-2,
2259,1766871088.2275045,2025-12-27T23:31:28.227504,1.5141963958740234,True,native-replica-2,
2260,1766871088.2614782,2025-12-27T23:31:28.261478,3.0117034912109375,True,native-replica-2,
2261,1766871088.295527,2025-12-27T23:31:28.295527,1.522064208984375,True,native-replica-2,
2262,1766871088.329195,2025-12-27T23:31:28.329195,1.3318061828613281,True,native-replica-2,
2263,1766871088.3634102,2025-12-27T23:31:28.363410,2.042055130004883,True,native-replica-2,
2264,1766871088.3971097,2025-12-27T23:31:28.397110,0.8308887481689453,True,native-replica-2,
2265,1766871088.4315314,2025-12-27T23:31:28.431531,0.5059242248535156,True,native-replica-2,
2266,1766871088.4666154,2025-12-27T23:31:28.466615,1.0080337524414062,True,native-replica-2,
2267,1766871088.5011957,2025-12-27T23:31:28.501196,1.0063648223876953,True,native-replica-2,
2268,1766871088.5354238,2025-12-27T23:31:28.535424,1.470804214477539,True,native-replica-2,
2269,1766871088.5693448,2025-12-27T23:31:28.569345,1.2018680572509766,True,native-replica-2,
2270,1766871088.603389,2025-12-27T23:31:28.603389,1.3859272003173828,True,native-replica-2,
2271,1766871088.6371315,2025-12-27T23:31:28.637131,2.0072460174560547,True,native-replica-2,
2272,1766871088.6713011,2025-12-27T23:31:28.671301,1.5132427215576172,True,native-replica-2,
2273,1766871088.705412,2025-12-27T23:31:28.705412,1.0132789611816406,True,native-replica-2,
2274,1766871088.7398016,2025-12-27T23:31:28.739802,1.4581680297851562,True,native-replica-2,
2275,1766871088.7737195,2025-12-27T23:31:28.773720,1.0097026824951172,True,native-replica-2,
2276,1766871088.8081832,2025-12-27T23:31:28.808183,1.2164115905761719,True,native-replica-2,
2277,1766871088.8425817,2025-12-27T23:31:28.842582,1.4657974243164062,True,native-replica-2,
2278,1766871088.8766932,2025-12-27T23:31:28.876693,1.516580581665039,True,native-replica-2,
2279,1766871088.9107776,2025-12-27T23:31:28.910778,1.171112060546875,True,native-replica-2,
2280,1766871088.9451835,2025-12-27T23:31:28.945184,24.10149574279785,True,native-replica-2,
2281,1766871088.9790297,2025-12-27T23:31:28.979030,1.6982555389404297,True,native-replica-2,
2282,1766871089.0128634,2025-12-27T23:31:29.012863,1.3103485107421875,True,native-replica-2,
2283,1766871089.047204,2025-12-27T23:31:29.047204,1.7256736755371094,True,native-replica-2,
2284,1766871089.0810518,2025-12-27T23:31:29.081052,2.1169185638427734,True,native-replica-2,
2285,1766871089.1155648,2025-12-27T23:31:29.115565,1.0340213775634766,True,native-replica-2,
2286,1766871089.1497066,2025-12-27T23:31:29.149707,1.659393310546875,True,native-replica-2,
2287,1766871089.1839292,2025-12-27T23:31:29.183929,1.0068416595458984,True,native-replica-2,
2288,1766871089.218251,2025-12-27T23:31:29.218251,1.008749008178711,True,native-replica-2,
2289,1766871089.252658,2025-12-27T23:31:29.252658,1.010894775390625,True,native-replica-2,
2290,1766871089.2872927,2025-12-27T23:31:29.287293,1.8138885498046875,True,native-replica-2,
2291,1766871089.3213491,2025-12-27T23:31:29.321349,1.1532306671142578,True,native-replica-2,
2292,1766871089.3553915,2025-12-27T23:31:29.355392,3.455638885498047,True,native-replica-2,
2293,1766871089.3889923,2025-12-27T23:31:29.388992,1.5153884887695312,True,native-replica-2,
2294,1766871089.423029,2025-12-27T23:31:29.423029,1.378774642944336,True,native-replica-2,
2295,1766871089.4572957,2025-12-27T23:31:29.457296,1.5118122100830078,True,native-replica-2,
2296,1766871089.491417,2025-12-27T23:31:29.491417,1.7313957214355469,True,native-replica-2,
2297,1766871089.5251763,2025-12-27T23:31:29.525176,1.5273094177246094,True,native-replica-2,
2298,1766871089.5590749,2025-12-27T23:31:29.559075,1.5132427215576172,True,native-replica-2,
2299,1766871089.592939,2025-12-27T23:31:29.592939,0.5047321319580078,True,native-replica-2,
2300,1766871089.626685,2025-12-27T23:31:29.626685,1.207590103149414,True,native-replica-2,
2301,1766871089.6610632,2025-12-27T23:31:29.661063,1.0051727294921875,True,native-replica-2,
2302,1766871089.6957514,2025-12-27T23:31:29.695751,1.0099411010742188,True,native-replica-2,
2303,1766871089.7303758,2025-12-27T23:31:29.730376,1.7273426055908203,True,native-replica-2,
2304,1766871089.764432,2025-12-27T23:31:29.764432,1.5132427215576172,True,native-replica-2,
2305,1766871089.7982075,2025-12-27T23:31:29.798208,1.008749008178711,True,native-replica-2,
2306,1766871089.83258,2025-12-27T23:31:29.832580,1.6331672668457031,True,native-replica-2,
2307,1766871089.8661468,2025-12-27T23:31:29.866147,1.0654926300048828,True,native-replica-2,
2308,1766871089.9004607,2025-12-27T23:31:29.900461,1.4674663543701172,True,native-replica-2,
2309,1766871089.9341993,2025-12-27T23:31:29.934199,1.010894775390625,True,native-replica-2,
2310,1766871089.9683945,2025-12-27T23:31:29.968395,1.0139942169189453,True,native-replica-2,
2311,1766871090.0028627,2025-12-27T23:31:30.002863,1.009225845336914,True,native-replica-2,
2312,1766871090.037407,2025-12-27T23:31:30.037407,2.023935317993164,True,native-replica-2,
2313,1766871090.0709348,2025-12-27T23:31:30.070935,1.0094642639160156,True,native-replica-2,
2314,1766871090.1049738,2025-12-27T23:31:30.104974,1.0097026824951172,True,native-replica-2,
2315,1766871090.139025,2025-12-27T23:31:30.139025,1.523733139038086,True,native-replica-2,
2316,1766871090.1727068,2025-12-27T23:31:30.172707,1.0080337524414062,True,native-replica-2,
2317,1766871090.2071462,2025-12-27T23:31:30.207146,1.5995502471923828,True,native-replica-2,
2318,1766871090.2409408,2025-12-27T23:31:30.240941,1.5954971313476562,True,native-replica-2,
2319,1766871090.2743974,2025-12-27T23:31:30.274397,0.5342960357666016,True,native-replica-2,
2320,1766871090.309473,2025-12-27T23:31:30.309473,1.0082721710205078,True,native-replica-2,
2321,1766871090.343659,2025-12-27T23:31:30.343659,1.0132789611816406,True,native-replica-2,
2322,1766871090.3972156,2025-12-27T23:31:30.397216,2.080678939819336,True,native-replica-2,
2323,1766871090.4313,2025-12-27T23:31:30.431300,1.0080337524414062,True,native-replica-2,
2324,1766871090.4655693,2025-12-27T23:31:30.465569,1.3859272003173828,True,native-replica-2,
2325,1766871090.4992995,2025-12-27T23:31:30.499300,1.008749008178711,True,native-replica-2,
2326,1766871090.5337079,2025-12-27T23:31:30.533708,1.0101795196533203,True,native-replica-2,
2327,1766871090.568208,2025-12-27T23:31:30.568208,0.5056858062744141,True,native-replica-2,
2328,1766871090.602752,2025-12-27T23:31:30.602752,1.0123252868652344,True,native-replica-2,
2329,1766871090.6368048,2025-12-27T23:31:30.636805,2.0105838775634766,True,native-replica-2,
2330,1766871090.6708243,2025-12-27T23:31:30.670824,1.516103744506836,True,native-replica-2,
2331,1766871090.705233,2025-12-27T23:31:30.705233,1.5187263488769531,True,native-replica-2,
2332,1766871090.7397842,2025-12-27T23:31:30.739784,1.5141963958740234,True,native-replica-2,
2333,1766871090.7735424,2025-12-27T23:31:30.773542,1.4348030090332031,True,native-replica-2,
2334,1766871090.807329,2025-12-27T23:31:30.807329,1.8172264099121094,True,native-replica-2,
2335,1766871090.841241,2025-12-27T23:31:30.841241,1.0068416595458984,True,native-replica-2,
2336,1766871090.8756082,2025-12-27T23:31:30.875608,1.512765884399414,True,native-replica-2,
2337,1766871090.9092283,2025-12-27T23:31:30.909228,1.2438297271728516,True,native-replica-2,
2338,1766871090.9430428,2025-12-27T23:31:30.943043,1.5158653259277344,True,native-replica-2,
2339,1766871090.9769917,2025-12-27T23:31:30.976992,1.5194416046142578,True,native-replica-2,
2340,1766871091.0110712,2025-12-27T23:31:31.011071,2.008676528930664,True,native-replica-2,
2341,1766871091.0448873,2025-12-27T23:31:31.044887,2.0110607147216797,True,native-replica-2,
2342,1766871091.0788436,2025-12-27T23:31:31.078844,1.7008781433105469,True,native-replica-2,
2343,1766871091.1125565,2025-12-27T23:31:31.112556,1.543283462524414,True,native-replica-2,
2344,1766871091.1466238,2025-12-27T23:31:31.146624,1.1146068572998047,True,native-replica-2,
2345,1766871091.1807961,2025-12-27T23:31:31.180796,1.0068416595458984,True,native-replica-2,
2346,1766871091.215311,2025-12-27T23:31:31.215311,1.5254020690917969,True,native-replica-2,
2347,1766871091.2488675,2025-12-27T23:31:31.248868,2.0093917846679688,True,native-replica-2,
2348,1766871091.2828963,2025-12-27T23:31:31.282896,1.0099411010742188,True,native-replica-2,
2349,1766871091.317421,2025-12-27T23:31:31.317421,1.5125274658203125,True,native-replica-2,
2350,1766871091.3511586,2025-12-27T23:31:31.351159,1.5120506286621094,True,native-replica-2,
2351,1766871091.3850064,2025-12-27T23:31:31.385006,2.0084381103515625,True,native-replica-2,
2352,1766871091.4185631,2025-12-27T23:31:31.418563,1.5227794647216797,True,native-replica-2,
2353,1766871091.4522128,2025-12-27T23:31:31.452213,0.5049705505371094,True,native-replica-2,
2354,1766871091.487056,2025-12-27T23:31:31.487056,1.012563705444336,True,native-replica-2,
2355,1766871091.5211816,2025-12-27T23:31:31.521182,1.516103744506836,True,native-replica-2,
2356,1766871091.5552297,2025-12-27T23:31:31.555230,1.5192031860351562,True,native-replica-2,
2357,1766871091.5892756,2025-12-27T23:31:31.589276,1.7092227935791016,True,native-replica-2,
2358,1766871091.6233907,2025-12-27T23:31:31.623391,1.5170574188232422,True,native-replica-2,
2359,1766871091.657189,2025-12-27T23:31:31.657189,1.3899803161621094,True,native-replica-2,
2360,1766871091.6912646,2025-12-27T23:31:31.691265,1.2078285217285156,True,native-replica-2,
2361,1766871091.7254026,2025-12-27T23:31:31.725403,1.007080078125,True,native-replica-2,
2362,1766871091.759838,2025-12-27T23:31:31.759838,1.0063648223876953,True,native-replica-2,
2363,1766871091.7943325,2025-12-27T23:31:31.794333,1.0991096496582031,True,native-replica-2,
2364,1766871091.8285835,2025-12-27T23:31:31.828583,1.3375282287597656,True,native-replica-2,
2365,1766871091.8627787,2025-12-27T23:31:31.862779,1.0106563568115234,True,native-replica-2,
2366,1766871091.8973153,2025-12-27T23:31:31.897315,1.5137195587158203,True,native-replica-2,
2367,1766871091.9313645,2025-12-27T23:31:31.931365,1.0063648223876953,True,native-replica-2,
2368,1766871091.9654865,2025-12-27T23:31:31.965487,1.0089874267578125,True,native-replica-2,
2369,1766871091.9998562,2025-12-27T23:31:31.999856,1.516103744506836,True,native-replica-2,
2370,1766871092.0336099,2025-12-27T23:31:32.033610,1.516580581665039,True,native-replica-2,
2371,1766871092.0672834,2025-12-27T23:31:32.067283,1.4667510986328125,True,native-replica-2,
2372,1766871092.1012566,2025-12-27T23:31:32.101257,1.7390251159667969,True,native-replica-2,
2373,1766871092.1348455,2025-12-27T23:31:32.134845,1.0077953338623047,True,native-replica-2,
2374,1766871092.1695476,2025-12-27T23:31:32.169548,0.5042552947998047,True,native-replica-2,
2375,1766871092.2042987,2025-12-27T23:31:32.204299,3.007650375366211,True,native-replica-2,
2376,1766871092.2382948,2025-12-27T23:31:32.238295,1.005411148071289,True,native-replica-2,
2377,1766871092.2727776,2025-12-27T23:31:32.272778,1.0056495666503906,True,native-replica-2,
2378,1766871092.3073041,2025-12-27T23:31:32.307304,1.0073184967041016,True,native-replica-2,
2379,1766871092.3414264,2025-12-27T23:31:32.341426,1.5156269073486328,True,native-replica-2,
2380,1766871092.3753798,2025-12-27T23:31:32.375380,1.5149116516113281,True,native-replica-2,
2381,1766871092.409409,2025-12-27T23:31:32.409409,1.6760826110839844,True,native-replica-2,
2382,1766871092.4431295,2025-12-27T23:31:32.443130,1.5149116516113281,True,native-replica-2,
2383,1766871092.4767616,2025-12-27T23:31:32.476762,2.009153366088867,True,native-replica-2,
2384,1766871092.5104537,2025-12-27T23:31:32.510454,1.6045570373535156,True,native-replica-2,
2385,1766871092.5445883,2025-12-27T23:31:32.544588,1.6422271728515625,True,native-replica-2,
2386,1766871092.5788698,2025-12-27T23:31:32.578870,1.0106563568115234,True,native-replica-2,
2387,1766871092.6135066,2025-12-27T23:31:32.613507,1.699686050415039,True,native-replica-2,
2388,1766871092.6472619,2025-12-27T23:31:32.647262,1.5223026275634766,True,native-replica-2,
2389,1766871092.6811957,2025-12-27T23:31:32.681196,1.0099411010742188,True,native-replica-2,
2390,1766871092.7157273,2025-12-27T23:31:32.715727,1.4491081237792969,True,native-replica-2,
2391,1766871092.7497468,2025-12-27T23:31:32.749747,1.0082721710205078,True,native-replica-2,
2392,1766871092.7842786,2025-12-27T23:31:32.784279,1.5158653259277344,True,native-replica-2,
2393,1766871092.818144,2025-12-27T23:31:32.818144,1.7850399017333984,True,native-replica-2,
2394,1766871092.851659,2025-12-27T23:31:32.851659,1.0077953338623047,True,native-replica-2,
2395,1766871092.8858364,2025-12-27T23:31:32.885836,1.5146732330322266,True,native-replica-2,
2396,1766871092.9201741,2025-12-27T23:31:32.920174,2.019643783569336,True,native-replica-2,
2397,1766871092.953974,2025-12-27T23:31:32.953974,1.5263557434082031,True,native-replica-2,
2398,1766871092.9878397,2025-12-27T23:31:32.987840,1.0063648223876953,True,native-replica-2,
2399,1766871093.0223012,2025-12-27T23:31:33.022301,1.8405914306640625,True,native-replica-2,
2400,1766871093.056289,2025-12-27T23:31:33.056289,1.0061264038085938,True,native-replica-2,
2401,1766871093.090673,2025-12-27T23:31:33.090673,1.0111331939697266,True,native-replica-2,
2402,1766871093.124804,2025-12-27T23:31:33.124804,1.0058879852294922,True,native-replica-2,
2403,1766871093.1592715,2025-12-27T23:31:33.159271,2.3386478424072266,True,native-replica-2,
2404,1766871093.193259,2025-12-27T23:31:33.193259,1.5196800231933594,True,native-replica-2,
2405,1766871093.2272933,2025-12-27T23:31:33.227293,1.5187263488769531,True,native-replica-2,
2406,1766871093.261357,2025-12-27T23:31:33.261357,1.0099411010742188,True,native-replica-2,
2407,1766871093.2956321,2025-12-27T23:31:33.295632,1.44195556640625,True,native-replica-2,
2408,1766871093.3294883,2025-12-27T23:31:33.329488,1.0089874267578125,True,native-replica-2,
2409,1766871093.364007,2025-12-27T23:31:33.364007,1.0149478912353516,True,native-replica-2,
2410,1766871093.3987198,2025-12-27T23:31:33.398720,2.0084381103515625,True,native-replica-2,
2411,1766871093.4323766,2025-12-27T23:31:33.432377,1.5118122100830078,True,native-replica-2,
2412,1766871093.4662423,2025-12-27T23:31:33.466242,1.5306472778320312,True,native-replica-2,
2413,1766871093.500189,2025-12-27T23:31:33.500189,1.512289047241211,True,native-replica-2,
2414,1766871093.5342267,2025-12-27T23:31:33.534227,1.516103744506836,True,native-replica-2,
2415,1766871093.5681648,2025-12-27T23:31:33.568165,1.5201568603515625,True,native-replica-2,
2416,1766871093.6018813,2025-12-27T23:31:33.601881,1.5125274658203125,True,native-replica-2,
2417,1766871093.6355796,2025-12-27T23:31:33.635580,1.0073184967041016,True,native-replica-2,
2418,1766871093.6701527,2025-12-27T23:31:33.670153,1.0073184967041016,True,native-replica-2,
2419,1766871093.704705,2025-12-27T23:31:33.704705,2.0072460174560547,True,native-replica-2,
2420,1766871093.738229,2025-12-27T23:31:33.738229,1.5096664428710938,True,native-replica-2,
2421,1766871093.7722611,2025-12-27T23:31:33.772261,2.0074844360351562,True,native-replica-2,
2422,1766871093.8061285,2025-12-27T23:31:33.806129,1.0063648223876953,True,native-replica-2,
2423,1766871093.840656,2025-12-27T23:31:33.840656,1.0085105895996094,True,native-replica-2,
2424,1766871093.875255,2025-12-27T23:31:33.875255,1.5168190002441406,True,native-replica-2,
2425,1766871093.909029,2025-12-27T23:31:33.909029,1.523733139038086,True,native-replica-2,
2426,1766871093.9430053,2025-12-27T23:31:33.943005,1.5115737915039062,True,native-replica-2,
2427,1766871093.9770439,2025-12-27T23:31:33.977044,1.7485618591308594,True,native-replica-2,
2428,1766871094.0107932,2025-12-27T23:31:34.010793,1.0061264038085938,True,native-replica-2,
2429,1766871094.0453804,2025-12-27T23:31:34.045380,1.7783641815185547,True,native-replica-2,
2430,1766871094.0791104,2025-12-27T23:31:34.079110,1.1200904846191406,True,native-replica-2,
2431,1766871094.1133747,2025-12-27T23:31:34.113375,1.5180110931396484,True,native-replica-2,
2432,1766871094.1474261,2025-12-27T23:31:34.147426,1.6510486602783203,True,native-replica-2,
2433,1766871094.1813188,2025-12-27T23:31:34.181319,1.5153884887695312,True,native-replica-2,
2434,1766871094.2158349,2025-12-27T23:31:34.215835,1.5194416046142578,True,native-replica-2,
2435,1766871094.249897,2025-12-27T23:31:34.249897,1.009225845336914,True,native-replica-2,
2436,1766871094.2844167,2025-12-27T23:31:34.284417,1.0075569152832031,True,native-replica-2,
2437,1766871094.3189354,2025-12-27T23:31:34.318935,1.5151500701904297,True,native-replica-2,
2438,1766871094.3527207,2025-12-27T23:31:34.352721,1.512289047241211,True,native-replica-2,
2439,1766871094.3872597,2025-12-27T23:31:34.387260,2.1767616271972656,True,native-replica-2,
2440,1766871094.421009,2025-12-27T23:31:34.421009,2.0117759704589844,True,native-replica-2,
2441,1766871094.455007,2025-12-27T23:31:34.455007,1.5153884887695312,True,native-replica-2,
2442,1766871094.489574,2025-12-27T23:31:34.489574,1.0080337524414062,True,native-replica-2,
2443,1766871094.5237348,2025-12-27T23:31:34.523735,1.0058879852294922,True,native-replica-2,
2444,1766871094.5582516,2025-12-27T23:31:34.558252,1.0068416595458984,True,native-replica-2,
2445,1766871094.5926335,2025-12-27T23:31:34.592633,1.018524169921875,True,native-replica-2,
2446,1766871094.6271586,2025-12-27T23:31:34.627159,1.5151500701904297,True,native-replica-2,
2447,1766871094.660959,2025-12-27T23:31:34.660959,1.013040542602539,True,native-replica-2,
2448,1766871094.6953554,2025-12-27T23:31:34.695355,1.0097026824951172,True,native-replica-2,
2449,1766871094.7299643,2025-12-27T23:31:34.729964,1.0085105895996094,True,native-replica-2,
2450,1766871094.7646658,2025-12-27T23:31:34.764666,1.4345645904541016,True,native-replica-2,
2451,1766871094.7986848,2025-12-27T23:31:34.798685,1.6319751739501953,True,native-replica-2,
2452,1766871094.8328786,2025-12-27T23:31:34.832879,1.1553764343261719,True,native-replica-2,
2453,1766871094.8668509,2025-12-27T23:31:34.866851,1.0077953338623047,True,native-replica-2,
2454,1766871094.9012163,2025-12-27T23:31:34.901216,1.5132427215576172,True,native-replica-2,
2455,1766871094.9351127,2025-12-27T23:31:34.935113,1.0080337524414062,True,native-replica-2,
2456,1766871094.9697742,2025-12-27T23:31:34.969774,1.5130043029785156,True,native-replica-2,
2457,1766871095.0036826,2025-12-27T23:31:35.003683,1.0905265808105469,True,native-replica-2,
2458,1766871095.0377953,2025-12-27T23:31:35.037795,1.0073184967041016,True,native-replica-2,
2459,1766871095.0721695,2025-12-27T23:31:35.072170,1.5938282012939453,True,native-replica-2,
2460,1766871095.1059008,2025-12-27T23:31:35.105901,1.5156269073486328,True,native-replica-2,
2461,1766871095.1405983,2025-12-27T23:31:35.140598,1.007080078125,True,native-replica-2,
2462,1766871095.1751273,2025-12-27T23:31:35.175127,1.0111331939697266,True,native-replica-2,
2463,1766871095.2094827,2025-12-27T23:31:35.209483,2.009153366088867,True,native-replica-2,
2464,1766871095.243363,2025-12-27T23:31:35.243363,1.0066032409667969,True,native-replica-2,
2465,1766871095.2777822,2025-12-27T23:31:35.277782,1.0101795196533203,True,native-replica-2,
2466,1766871095.3121476,2025-12-27T23:31:35.312148,1.8765926361083984,True,native-replica-2,
2467,1766871095.3460767,2025-12-27T23:31:35.346077,1.504659652709961,True,native-replica-2,
2468,1766871095.3799698,2025-12-27T23:31:35.379970,1.6431808471679688,True,native-replica-2,
2469,1766871095.4138367,2025-12-27T23:31:35.413837,1.9695758819580078,True,native-replica-2,
2470,1766871095.4477875,2025-12-27T23:31:35.447788,1.0790824890136719,True,native-replica-2,
2471,1766871095.4825275,2025-12-27T23:31:35.482527,1.0082721710205078,True,native-replica-2,
2472,1766871095.5170467,2025-12-27T23:31:35.517047,1.4486312866210938,True,native-replica-2,
2473,1766871095.5510976,2025-12-27T23:31:35.551098,1.6493797302246094,True,native-replica-2,
2474,1766871095.585094,2025-12-27T23:31:35.585094,1.5120506286621094,True,native-replica-2,
2475,1766871095.618763,2025-12-27T23:31:35.618763,1.0118484497070312,True,native-replica-2,
2476,1766871095.6535037,2025-12-27T23:31:35.653504,1.514434814453125,True,native-replica-2,
2477,1766871095.6873026,2025-12-27T23:31:35.687303,1.5125274658203125,True,native-replica-2,
2478,1766871095.7217648,2025-12-27T23:31:35.721765,1.5377998352050781,True,native-replica-2,
2479,1766871095.755468,2025-12-27T23:31:35.755468,1.013040542602539,True,native-replica-2,
2480,1766871095.7899373,2025-12-27T23:31:35.789937,1.0075569152832031,True,native-replica-2,
2481,1766871095.8245404,2025-12-27T23:31:35.824540,1.0066032409667969,True,native-replica-2,
2482,1766871095.8592734,2025-12-27T23:31:35.859273,1.008749008178711,True,native-replica-2,
2483,1766871095.893656,2025-12-27T23:31:35.893656,1.007080078125,True,native-replica-2,
2484,1766871095.927815,2025-12-27T23:31:35.927815,1.5895366668701172,True,native-replica-2,
2485,1766871095.9618301,2025-12-27T23:31:35.961830,1.0960102081298828,True,native-replica-2,
2486,1766871095.9958901,2025-12-27T23:31:35.995890,1.0099411010742188,True,native-replica-2,
2487,1766871096.0304186,2025-12-27T23:31:36.030419,1.8775463104248047,True,native-replica-2,
2488,1766871096.0647016,2025-12-27T23:31:36.064702,1.5268325805664062,True,native-replica-2,
2489,1766871096.0984108,2025-12-27T23:31:36.098411,2.010822296142578,True,native-replica-2,
2490,1766871096.1323009,2025-12-27T23:31:36.132301,1.5132427215576172,True,native-replica-2,
2491,1766871096.166306,2025-12-27T23:31:36.166306,1.0082721710205078,True,native-replica-2,
2492,1766871096.2008662,2025-12-27T23:31:36.200866,1.0068416595458984,True,native-replica-2,
2493,1766871096.2353969,2025-12-27T23:31:36.235397,1.0056495666503906,True,native-replica-2,
2494,1766871096.269851,2025-12-27T23:31:36.269851,1.4483928680419922,True,native-replica-2,
2495,1766871096.3037076,2025-12-27T23:31:36.303708,1.430511474609375,True,native-replica-2,
2496,1766871096.3373628,2025-12-27T23:31:36.337363,1.5909671783447266,True,native-replica-2,
2497,1766871096.3714237,2025-12-27T23:31:36.371424,2.012014389038086,True,native-replica-2,
2498,1766871096.4052389,2025-12-27T23:31:36.405239,1.5270709991455078,True,native-replica-2,
2499,1766871096.43928,2025-12-27T23:31:36.439280,1.7197132110595703,True,native-replica-2,
2500,1766871096.4728258,2025-12-27T23:31:36.472826,1.5294551849365234,True,native-replica-2,
2501,1766871096.5068665,2025-12-27T23:31:36.506866,1.5230178833007812,True,native-replica-2,
2502,1766871096.5408072,2025-12-27T23:31:36.540807,1.5139579772949219,True,native-replica-2,
2503,1766871096.5747738,2025-12-27T23:31:36.574774,1.0075569152832031,True,native-replica-2,
2504,1766871096.609308,2025-12-27T23:31:36.609308,1.0056495666503906,True,native-replica-2,
2505,1766871096.6436305,2025-12-27T23:31:36.643631,1.2197494506835938,True,native-replica-2,
2506,1766871096.6780305,2025-12-27T23:31:36.678030,1.0085105895996094,True,native-replica-2,
2507,1766871096.7125506,2025-12-27T23:31:36.712551,2.063274383544922,True,native-replica-2,
2508,1766871096.7463684,2025-12-27T23:31:36.746368,1.4300346374511719,True,native-replica-2,
2509,1766871096.7804644,2025-12-27T23:31:36.780464,1.6677379608154297,True,native-replica-2,
2510,1766871096.814154,2025-12-27T23:31:36.814154,1.5211105346679688,True,native-replica-2,
2511,1766871096.8478744,2025-12-27T23:31:36.847874,2.0143985748291016,True,native-replica-2,
2512,1766871096.8818212,2025-12-27T23:31:36.881821,1.0063648223876953,True,native-replica-2,
2513,1766871096.9162164,2025-12-27T23:31:36.916216,1.5184879302978516,True,native-replica-2,
2514,1766871096.9499373,2025-12-27T23:31:36.949937,1.1000633239746094,True,native-replica-2,
2515,1766871096.984019,2025-12-27T23:31:36.984019,1.5139579772949219,True,native-replica-2,
2516,1766871097.0180533,2025-12-27T23:31:37.018053,1.5132427215576172,True,native-replica-2,
2517,1766871097.0519376,2025-12-27T23:31:37.051938,1.0068416595458984,True,native-replica-2,
2518,1766871097.0863411,2025-12-27T23:31:37.086341,1.6219615936279297,True,native-replica-2,
2519,1766871097.120207,2025-12-27T23:31:37.120207,1.634359359741211,True,native-replica-2,
2520,1766871097.1537669,2025-12-27T23:31:37.153767,1.5134811401367188,True,native-replica-2,
2521,1766871097.1875381,2025-12-27T23:31:37.187538,1.4166831970214844,True,native-replica-2,
2522,1766871097.2215078,2025-12-27T23:31:37.221508,1.010894775390625,True,native-replica-2,
2523,1766871097.2560291,2025-12-27T23:31:37.256029,1.4433860778808594,True,native-replica-2,
2524,1766871097.2897873,2025-12-27T23:31:37.289787,2.008199691772461,True,native-replica-2,
2525,1766871097.3233051,2025-12-27T23:31:37.323305,1.0149478912353516,True,native-replica-2,
2526,1766871097.3573463,2025-12-27T23:31:37.357346,0.5044937133789062,True,native-replica-2,
2527,1766871097.39088,2025-12-27T23:31:37.390880,2.0072460174560547,True,native-replica-2,
2528,1766871097.4246414,2025-12-27T23:31:37.424641,3.008127212524414,True,native-replica-2,
2529,1766871097.4582841,2025-12-27T23:31:37.458284,2.0208358764648438,True,native-replica-2,
2530,1766871097.4920826,2025-12-27T23:31:37.492083,1.5118122100830078,True,native-replica-2,
2531,1766871097.5263855,2025-12-27T23:31:37.526386,1.514434814453125,True,native-replica-2,
2532,1766871097.56075,2025-12-27T23:31:37.560750,1.0111331939697266,True,native-replica-2,
2533,1766871097.5952425,2025-12-27T23:31:37.595243,2.0132064819335938,True,native-replica-2,
2534,1766871097.6294582,2025-12-27T23:31:37.629458,1.5208721160888672,True,native-replica-2,
2535,1766871097.6633856,2025-12-27T23:31:37.663386,1.6553401947021484,True,native-replica-2,
2536,1766871097.6969147,2025-12-27T23:31:37.696915,1.39617919921875,True,native-replica-2,
2537,1766871097.730681,2025-12-27T23:31:37.730681,1.5344619750976562,True,native-replica-2,
2538,1766871097.764522,2025-12-27T23:31:37.764522,1.007080078125,True,native-replica-2,
2539,1766871097.7987566,2025-12-27T23:31:37.798757,1.009225845336914,True,native-replica-2,
2540,1766871097.8327703,2025-12-27T23:31:37.832770,1.5137195587158203,True,native-replica-2,
2541,1766871097.8670704,2025-12-27T23:31:37.867070,1.5172958374023438,True,native-replica-2,
2542,1766871097.9011147,2025-12-27T23:31:37.901115,1.7993450164794922,True,native-replica-2,
2543,1766871097.9351845,2025-12-27T23:31:37.935184,1.2488365173339844,True,native-replica-2,
2544,1766871097.969453,2025-12-27T23:31:37.969453,2.009868621826172,True,native-replica-2,
2545,1766871098.003359,2025-12-27T23:31:38.003359,1.0113716125488281,True,native-replica-2,
2546,1766871098.0375972,2025-12-27T23:31:38.037597,1.0063648223876953,True,native-replica-2,
2547,1766871098.0716302,2025-12-27T23:31:38.071630,1.009225845336914,True,native-replica-2,
2548,1766871098.1059372,2025-12-27T23:31:38.105937,1.5153884887695312,True,native-replica-2,
2549,1766871098.1398244,2025-12-27T23:31:38.139824,1.2485980987548828,True,native-replica-2,
2550,1766871098.1741447,2025-12-27T23:31:38.174145,1.5113353729248047,True,native-replica-2,
2551,1766871098.2079515,2025-12-27T23:31:38.207952,1.007080078125,True,native-replica-2,
2552,1766871098.2421098,2025-12-27T23:31:38.242110,1.528024673461914,True,native-replica-2,
2553,1766871098.2757123,2025-12-27T23:31:38.275712,1.5115737915039062,True,native-replica-2,
2554,1766871098.3102279,2025-12-27T23:31:38.310228,1.512765884399414,True,native-replica-2,
2555,1766871098.343835,2025-12-27T23:31:38.343835,1.5158653259277344,True,native-replica-2,
2556,1766871098.3777165,2025-12-27T23:31:38.377717,1.5218257904052734,True,native-replica-2,
2557,1766871098.4114156,2025-12-27T23:31:38.411416,1.5914440155029297,True,native-replica-2,
2558,1766871098.445149,2025-12-27T23:31:38.445149,1.0221004486083984,True,native-replica-2,
2559,1766871098.479389,2025-12-27T23:31:38.479389,1.7173290252685547,True,native-replica-2,
2560,1766871098.5130315,2025-12-27T23:31:38.513031,1.531839370727539,True,native-replica-2,
2561,1766871098.5467427,2025-12-27T23:31:38.546743,1.5919208526611328,True,native-replica-2,
2562,1766871098.5803869,2025-12-27T23:31:38.580387,1.5211105346679688,True,native-replica-2,
2563,1766871098.614342,2025-12-27T23:31:38.614342,1.4181137084960938,True,native-replica-2,
2564,1766871098.6487398,2025-12-27T23:31:38.648740,1.1515617370605469,True,native-replica-2,
2565,1766871098.683054,2025-12-27T23:31:38.683054,1.5120506286621094,True,native-replica-2,
2566,1766871098.716634,2025-12-27T23:31:38.716634,1.0085105895996094,True,native-replica-2,
2567,1766871098.7510774,2025-12-27T23:31:38.751077,1.4262199401855469,True,native-replica-2,
2568,1766871098.7847564,2025-12-27T23:31:38.784756,1.007080078125,True,native-replica-2,
2569,1766871098.8189344,2025-12-27T23:31:38.818934,1.0094642639160156,True,native-replica-2,
2570,1766871098.8533497,2025-12-27T23:31:38.853350,1.9567012786865234,True,native-replica-2,
2571,1766871098.8873467,2025-12-27T23:31:38.887347,1.0144710540771484,True,native-replica-2,
2572,1766871098.921629,2025-12-27T23:31:38.921629,1.5177726745605469,True,native-replica-2,
2573,1766871098.9551713,2025-12-27T23:31:38.955171,1.5392303466796875,True,native-replica-2,
2574,1766871098.989013,2025-12-27T23:31:38.989013,1.0085105895996094,True,native-replica-2,
2575,1766871099.0231385,2025-12-27T23:31:39.023139,1.512765884399414,True,native-replica-2,
2576,1766871099.057169,2025-12-27T23:31:39.057169,1.5158653259277344,True,native-replica-2,
2577,1766871099.0908427,2025-12-27T23:31:39.090843,1.6176700592041016,True,native-replica-2,
2578,1766871099.124677,2025-12-27T23:31:39.124677,1.6024112701416016,True,native-replica-2,
2579,1766871099.1582656,2025-12-27T23:31:39.158266,1.5156269073486328,True,native-replica-2,
2580,1766871099.1928084,2025-12-27T23:31:39.192808,1.5120506286621094,True,native-replica-2,
2581,1766871099.22703,2025-12-27T23:31:39.227030,1.5158653259277344,True,native-replica-2,
2582,1766871099.2610896,2025-12-27T23:31:39.261090,1.1811256408691406,True,native-replica-2,
2583,1766871099.2956254,2025-12-27T23:31:39.295625,1.3463497161865234,True,native-replica-2,
2584,1766871099.329761,2025-12-27T23:31:39.329761,1.7478466033935547,True,native-replica-2,
2585,1766871099.3640997,2025-12-27T23:31:39.364100,1.5912055969238281,True,native-replica-2,
2586,1766871099.3979626,2025-12-27T23:31:39.397963,1.007080078125,True,native-replica-2,
2587,1766871099.432492,2025-12-27T23:31:39.432492,1.0066032409667969,True,native-replica-2,
2588,1766871099.4670146,2025-12-27T23:31:39.467015,1.5118122100830078,True,native-replica-2,
2589,1766871099.5016618,2025-12-27T23:31:39.501662,1.5146732330322266,True,native-replica-2,
2590,1766871099.5354724,2025-12-27T23:31:39.535472,1.4214515686035156,True,native-replica-2,
2591,1766871099.5692484,2025-12-27T23:31:39.569248,1.5153884887695312,True,native-replica-2,
2592,1766871099.602763,2025-12-27T23:31:39.602763,1.2476444244384766,True,native-replica-2,
2593,1766871099.6368964,2025-12-27T23:31:39.636896,1.5287399291992188,True,native-replica-2,
2594,1766871099.6708758,2025-12-27T23:31:39.670876,1.5118122100830078,True,native-replica-2,
2595,1766871099.704823,2025-12-27T23:31:39.704823,1.5146732330322266,True,native-replica-2,
2596,1766871099.7390752,2025-12-27T23:31:39.739075,1.5141963958740234,True,native-replica-2,
2597,1766871099.7730274,2025-12-27T23:31:39.773027,1.008749008178711,True,native-replica-2,
2598,1766871099.8074298,2025-12-27T23:31:39.807430,1.524209976196289,True,native-replica-2,
2599,1766871099.8414743,2025-12-27T23:31:39.841474,2.0074844360351562,True,native-replica-2,
2600,1766871099.8755033,2025-12-27T23:31:39.875503,1.5218257904052734,True,native-replica-2,
2601,1766871099.910146,2025-12-27T23:31:39.910146,1.512765884399414,True,native-replica-2,
2602,1766871099.9441805,2025-12-27T23:31:39.944180,1.5103816986083984,True,native-replica-2,
2603,1766871099.9782917,2025-12-27T23:31:39.978292,2.3360252380371094,True,native-replica-2,
2604,1766871100.0117714,2025-12-27T23:31:40.011771,1.9042491912841797,True,native-replica-2,
2605,1766871100.045707,2025-12-27T23:31:40.045707,1.2538433074951172,True,native-replica-2,
2606,1766871100.0799828,2025-12-27T23:31:40.079983,1.4035701751708984,True,native-replica-2,
2607,1766871100.1140594,2025-12-27T23:31:40.114059,1.5530586242675781,True,native-replica-2,
2608,1766871100.1478965,2025-12-27T23:31:40.147897,1.6553401947021484,True,native-replica-2,
2609,1766871100.1813602,2025-12-27T23:31:40.181360,1.0094642639160156,True,native-replica-2,
2610,1766871100.215836,2025-12-27T23:31:40.215836,1.0075569152832031,True,native-replica-2,
2611,1766871100.2493894,2025-12-27T23:31:40.249389,1.5108585357666016,True,native-replica-2,
2612,1766871100.2831638,2025-12-27T23:31:40.283164,1.0077953338623047,True,native-replica-2,
2613,1766871100.3176525,2025-12-27T23:31:40.317652,1.529693603515625,True,native-replica-2,
2614,1766871100.3512237,2025-12-27T23:31:40.351224,1.5172958374023438,True,native-replica-2,
2615,1766871100.3852646,2025-12-27T23:31:40.385265,1.5213489532470703,True,native-replica-2,
2616,1766871100.4193022,2025-12-27T23:31:40.419302,1.0113716125488281,True,native-replica-2,
2617,1766871100.453864,2025-12-27T23:31:40.453864,1.016378402709961,True,native-replica-2,
2618,1766871100.4884007,2025-12-27T23:31:40.488401,1.5780925750732422,True,native-replica-2,
2619,1766871100.5220304,2025-12-27T23:31:40.522030,1.0073184967041016,True,native-replica-2,
2620,1766871100.5579877,2025-12-27T23:31:40.557988,1.4269351959228516,True,native-replica-2,
2621,1766871100.5919352,2025-12-27T23:31:40.591935,2.0089149475097656,True,native-replica-2,
2622,1766871100.6256104,2025-12-27T23:31:40.625610,1.0058879852294922,True,native-replica-2,
2623,1766871100.6600215,2025-12-27T23:31:40.660022,1.5869140625,True,native-replica-2,
2624,1766871100.6938574,2025-12-27T23:31:40.693857,1.2485980987548828,True,native-replica-2,
2625,1766871100.7273667,2025-12-27T23:31:40.727367,1.010894775390625,True,native-replica-2,
2626,1766871100.7617137,2025-12-27T23:31:40.761714,1.0063648223876953,True,native-replica-2,
2627,1766871100.7962446,2025-12-27T23:31:40.796245,1.5621185302734375,True,native-replica-2,
2628,1766871100.8298285,2025-12-27T23:31:40.829829,1.3408660888671875,True,native-replica-2,
2629,1766871100.8641968,2025-12-27T23:31:40.864197,1.0309219360351562,True,native-replica-2,
2630,1766871100.8987424,2025-12-27T23:31:40.898742,1.0085105895996094,True,native-replica-2,
2631,1766871100.9330738,2025-12-27T23:31:40.933074,1.0099411010742188,True,native-replica-2,
2632,1766871100.9676511,2025-12-27T23:31:40.967651,1.5392303466796875,True,native-replica-2,
2633,1766871101.001674,2025-12-27T23:31:41.001674,1.0094642639160156,True,native-replica-2,
2634,1766871101.0361333,2025-12-27T23:31:41.036133,1.5230178833007812,True,native-replica-2,
2635,1766871101.0698252,2025-12-27T23:31:41.069825,1.0063648223876953,True,native-replica-2,
2636,1766871101.104329,2025-12-27T23:31:41.104329,2.0062923431396484,True,native-replica-2,
2637,1766871101.1379268,2025-12-27T23:31:41.137927,1.6603469848632812,True,native-replica-2,
2638,1766871101.171633,2025-12-27T23:31:41.171633,1.5125274658203125,True,native-replica-2,
2639,1766871101.2053564,2025-12-27T23:31:41.205356,2.008676528930664,True,native-replica-2,
2640,1766871101.2388709,2025-12-27T23:31:41.238871,1.5110969543457031,True,native-replica-2,
2641,1766871101.272722,2025-12-27T23:31:41.272722,1.57928466796875,True,native-replica-2,
2642,1766871101.306392,2025-12-27T23:31:41.306392,1.5108585357666016,True,native-replica-2,
2643,1766871101.3402016,2025-12-27T23:31:41.340202,2.0079612731933594,True,native-replica-2,
2644,1766871101.3740985,2025-12-27T23:31:41.374099,1.007080078125,True,native-replica-2,
2645,1766871101.4086075,2025-12-27T23:31:41.408607,1.5141963958740234,True,native-replica-2,
2646,1766871101.4424946,2025-12-27T23:31:41.442495,1.514434814453125,True,native-replica-2,
2647,1766871101.4763596,2025-12-27T23:31:41.476360,1.5170574188232422,True,native-replica-2,
2648,1766871101.5101807,2025-12-27T23:31:41.510181,1.5118122100830078,True,native-replica-2,
2649,1766871101.5444982,2025-12-27T23:31:41.544498,1.7218589782714844,True,native-replica-2,
2650,1766871101.5786412,2025-12-27T23:31:41.578641,2.0084381103515625,True,native-replica-2,
2651,1766871101.6136599,2025-12-27T23:31:41.613660,1.5573501586914062,True,native-replica-2,
2652,1766871101.6483355,2025-12-27T23:31:41.648335,1.611471176147461,True,native-replica-2,
2653,1766871101.6823268,2025-12-27T23:31:41.682327,1.5840530395507812,True,native-replica-2,
2654,1766871101.716081,2025-12-27T23:31:41.716081,1.6503334045410156,True,native-replica-2,
2655,1766871101.750273,2025-12-27T23:31:41.750273,1.0063648223876953,True,native-replica-2,
2656,1766871101.7846293,2025-12-27T23:31:41.784629,1.0080337524414062,True,native-replica-2,
2657,1766871101.8188732,2025-12-27T23:31:41.818873,1.5115737915039062,True,native-replica-2,
2658,1766871101.8525496,2025-12-27T23:31:41.852550,1.0104179382324219,True,native-replica-2,
2659,1766871101.8873537,2025-12-27T23:31:41.887354,1.5234947204589844,True,native-replica-2,
2660,1766871101.9210885,2025-12-27T23:31:41.921088,1.0068416595458984,True,native-replica-2,
2661,1766871101.95565,2025-12-27T23:31:41.955650,1.0106563568115234,True,native-replica-2,
2662,1766871101.9898846,2025-12-27T23:31:41.989885,1.0094642639160156,True,native-replica-2,
2663,1766871102.0244105,2025-12-27T23:31:42.024410,1.5108585357666016,True,native-replica-2,
2664,1766871102.0586286,2025-12-27T23:31:42.058629,1.5130043029785156,True,native-replica-2,
2665,1766871102.0926595,2025-12-27T23:31:42.092659,1.5125274658203125,True,native-replica-2,
2666,1766871102.126734,2025-12-27T23:31:42.126734,1.5149116516113281,True,native-replica-2,
2667,1766871102.160466,2025-12-27T23:31:42.160466,1.6236305236816406,True,native-replica-2,
2668,1766871102.19412,2025-12-27T23:31:42.194120,1.0099411010742188,True,native-replica-2,
2669,1766871102.2285357,2025-12-27T23:31:42.228536,1.0075569152832031,True,native-replica-2,
2670,1766871102.2630696,2025-12-27T23:31:42.263070,1.3637542724609375,True,native-replica-2,
2671,1766871102.2969935,2025-12-27T23:31:42.296993,1.5149116516113281,True,native-replica-2,
2672,1766871102.331034,2025-12-27T23:31:42.331034,1.5113353729248047,True,native-replica-2,
2673,1766871102.3648293,2025-12-27T23:31:42.364829,1.007080078125,True,native-replica-2,
2674,1766871102.3991063,2025-12-27T23:31:42.399106,1.5587806701660156,True,native-replica-2,
2675,1766871102.4326534,2025-12-27T23:31:42.432653,1.008749008178711,True,native-replica-2,
2676,1766871102.4671006,2025-12-27T23:31:42.467101,1.007080078125,True,native-replica-2,
2677,1766871102.501611,2025-12-27T23:31:42.501611,1.512289047241211,True,native-replica-2,
2678,1766871102.5352023,2025-12-27T23:31:42.535202,1.6345977783203125,True,native-replica-2,
2679,1766871102.5689185,2025-12-27T23:31:42.568918,1.0066032409667969,True,native-replica-2,
2680,1766871102.6033516,2025-12-27T23:31:42.603352,1.4128684997558594,True,native-replica-2,
2681,1766871102.637579,2025-12-27T23:31:42.637579,1.7282962799072266,True,native-replica-2,
2682,1766871102.6713824,2025-12-27T23:31:42.671382,1.0056495666503906,True,native-replica-2,
2683,1766871102.7056386,2025-12-27T23:31:42.705639,1.9741058349609375,True,native-replica-2,
2684,1766871102.7396088,2025-12-27T23:31:42.739609,1.0173320770263672,True,native-replica-2,
2685,1766871102.7741718,2025-12-27T23:31:42.774172,1.0118484497070312,True,native-replica-2,
2686,1766871102.8086967,2025-12-27T23:31:42.808697,1.4123916625976562,True,native-replica-2,
2687,1766871102.8425252,2025-12-27T23:31:42.842525,1.0135173797607422,True,native-replica-2,
2688,1766871102.877044,2025-12-27T23:31:42.877044,1.5213489532470703,True,native-replica-2,
2689,1766871102.9111109,2025-12-27T23:31:42.911111,1.5223026275634766,True,native-replica-2,
2690,1766871102.945133,2025-12-27T23:31:42.945133,1.0063648223876953,True,native-replica-2,
2691,1766871102.9799654,2025-12-27T23:31:42.979965,1.6937255859375,True,native-replica-2,
2692,1766871103.0136924,2025-12-27T23:31:43.013692,1.0099411010742188,True,native-replica-2,
2693,1766871103.0478942,2025-12-27T23:31:43.047894,1.6279220581054688,True,native-replica-2,
2694,1766871103.0818844,2025-12-27T23:31:43.081884,1.0082721710205078,True,native-replica-2,
2695,1766871103.1163003,2025-12-27T23:31:43.116300,1.5113353729248047,True,native-replica-2,
2696,1766871103.1503227,2025-12-27T23:31:43.150323,1.0063648223876953,True,native-replica-2,
2697,1766871103.184873,2025-12-27T23:31:43.184873,1.0085105895996094,True,native-replica-2,
2698,1766871103.219475,2025-12-27T23:31:43.219475,1.5175342559814453,True,native-replica-2,
2699,1766871103.2532704,2025-12-27T23:31:43.253270,1.4653205871582031,True,native-replica-2,
2700,1766871103.2870853,2025-12-27T23:31:43.287085,1.5132427215576172,True,native-replica-2,
2701,1766871103.3207812,2025-12-27T23:31:43.320781,1.0097026824951172,True,native-replica-2,
2702,1766871103.3551233,2025-12-27T23:31:43.355123,1.1320114135742188,True,native-replica-2,
2703,1766871103.3891957,2025-12-27T23:31:43.389196,1.516580581665039,True,native-replica-2,
2704,1766871103.4227915,2025-12-27T23:31:43.422791,1.4259815216064453,True,native-replica-2,
2705,1766871103.456919,2025-12-27T23:31:43.456919,1.5320777893066406,True,native-replica-2,
2706,1766871103.4906557,2025-12-27T23:31:43.490656,1.5175342559814453,True,native-replica-2,
2707,1766871103.524691,2025-12-27T23:31:43.524691,1.009225845336914,True,native-replica-2,
2708,1766871103.5592554,2025-12-27T23:31:43.559255,1.4743804931640625,True,native-replica-2,
2709,1766871103.5932178,2025-12-27T23:31:43.593218,1.5158653259277344,True,native-replica-2,
2710,1766871103.627173,2025-12-27T23:31:43.627173,1.0099411010742188,True,native-replica-2,
2711,1766871103.6616497,2025-12-27T23:31:43.661650,1.6689300537109375,True,native-replica-2,
2712,1766871103.6954868,2025-12-27T23:31:43.695487,2.0084381103515625,True,native-replica-2,
2713,1766871103.7295215,2025-12-27T23:31:43.729522,2.017974853515625,True,native-replica-2,
2714,1766871103.7634883,2025-12-27T23:31:43.763488,1.516103744506836,True,native-replica-2,
2715,1766871103.7971282,2025-12-27T23:31:43.797128,1.1096000671386719,True,native-replica-2,
2716,1766871103.8312285,2025-12-27T23:31:43.831228,1.007080078125,True,native-replica-2,
2717,1766871103.8656795,2025-12-27T23:31:43.865680,1.0135173797607422,True,native-replica-2,
2718,1766871103.9002483,2025-12-27T23:31:43.900248,1.0099411010742188,True,native-replica-2,
2719,1766871103.9345498,2025-12-27T23:31:43.934550,1.5177726745605469,True,native-replica-2,
2720,1766871103.9688141,2025-12-27T23:31:43.968814,1.6489028930664062,True,native-replica-2,
2721,1766871104.0027921,2025-12-27T23:31:44.002792,1.7066001892089844,True,native-replica-2,
2722,1766871104.0362513,2025-12-27T23:31:44.036251,1.5120506286621094,True,native-replica-2,
2723,1766871104.0701303,2025-12-27T23:31:44.070130,1.0089874267578125,True,native-replica-2,
2724,1766871104.1047373,2025-12-27T23:31:44.104737,1.7406940460205078,True,native-replica-2,
2725,1766871104.138522,2025-12-27T23:31:44.138522,1.5206336975097656,True,native-replica-2,
2726,1766871104.172366,2025-12-27T23:31:44.172366,1.0135173797607422,True,native-replica-2,
2727,1766871104.2069187,2025-12-27T23:31:44.206919,1.0089874267578125,True,native-replica-2,
2728,1766871104.2413855,2025-12-27T23:31:44.241385,1.0099411010742188,True,native-replica-2,
2729,1766871104.275667,2025-12-27T23:31:44.275667,1.0082721710205078,True,native-replica-2,
2730,1766871104.3098807,2025-12-27T23:31:44.309881,1.0144710540771484,True,native-replica-2,
2731,1766871104.344085,2025-12-27T23:31:44.344085,1.9235610961914062,True,native-replica-2,
2732,1766871104.3785548,2025-12-27T23:31:44.378555,1.0089874267578125,True,native-replica-2,
2733,1766871104.4130464,2025-12-27T23:31:44.413046,1.615285873413086,True,native-replica-2,
2734,1766871104.4466944,2025-12-27T23:31:44.446694,1.7604827880859375,True,native-replica-2,
2735,1766871104.4804795,2025-12-27T23:31:44.480479,1.0099411010742188,True,native-replica-2,
2736,1766871104.5152256,2025-12-27T23:31:44.515226,1.2574195861816406,True,native-replica-2,
2737,1766871104.549282,2025-12-27T23:31:44.549282,1.0068416595458984,True,native-replica-2,
2738,1766871104.5836556,2025-12-27T23:31:44.583656,1.512765884399414,True,native-replica-2,
2739,1766871104.6172025,2025-12-27T23:31:44.617203,1.3959407806396484,True,native-replica-2,
2740,1766871104.651318,2025-12-27T23:31:44.651318,1.537322998046875,True,native-replica-2,
2741,1766871104.6848085,2025-12-27T23:31:44.684808,1.0066032409667969,True,native-replica-2,
2742,1766871104.7194579,2025-12-27T23:31:44.719458,1.0082721710205078,True,native-replica-2,
2743,1766871104.753647,2025-12-27T23:31:44.753647,1.1444091796875,True,native-replica-2,
2744,1766871104.7876856,2025-12-27T23:31:44.787686,1.2104511260986328,True,native-replica-2,
2745,1766871104.8217201,2025-12-27T23:31:44.821720,1.5184879302978516,True,native-replica-2,
2746,1766871104.8560116,2025-12-27T23:31:44.856012,1.5110969543457031,True,native-replica-2,
2747,1766871104.8900487,2025-12-27T23:31:44.890049,1.0066032409667969,True,native-replica-2,
2748,1766871104.9242547,2025-12-27T23:31:44.924255,1.3005733489990234,True,native-replica-2,
2749,1766871104.9582624,2025-12-27T23:31:44.958262,2.007722854614258,True,native-replica-2,
2750,1766871104.9920769,2025-12-27T23:31:44.992077,1.5134811401367188,True,native-replica-2,
2751,1766871105.0260804,2025-12-27T23:31:45.026080,1.0111331939697266,True,native-replica-2,
2752,1766871105.0604362,2025-12-27T23:31:45.060436,1.0066032409667969,True,native-replica-2,
2753,1766871105.0945618,2025-12-27T23:31:45.094562,0.5042552947998047,True,native-replica-2,
2754,1766871105.1294754,2025-12-27T23:31:45.129475,1.1301040649414062,True,native-replica-2,
2755,1766871105.1639037,2025-12-27T23:31:45.163904,1.5320777893066406,True,native-replica-2,
2756,1766871105.1979449,2025-12-27T23:31:45.197945,1.5115737915039062,True,native-replica-2,
2757,1766871105.2315247,2025-12-27T23:31:45.231525,1.007080078125,True,native-replica-2,
2758,1766871105.2655575,2025-12-27T23:31:45.265558,1.512765884399414,True,native-replica-2,
2759,1766871105.2997043,2025-12-27T23:31:45.299704,1.0106563568115234,True,native-replica-2,
2760,1766871105.3342254,2025-12-27T23:31:45.334225,1.5192031860351562,True,native-replica-2,
2761,1766871105.3679552,2025-12-27T23:31:45.367955,2.0134449005126953,True,native-replica-2,
2762,1766871105.402009,2025-12-27T23:31:45.402009,1.0120868682861328,True,native-replica-2,
2763,1766871105.4365463,2025-12-27T23:31:45.436546,1.51824951171875,True,native-replica-2,
2764,1766871105.470651,2025-12-27T23:31:45.470651,1.009225845336914,True,native-replica-2,
2765,1766871105.505135,2025-12-27T23:31:45.505135,1.5120506286621094,True,native-replica-2,
2766,1766871105.5390775,2025-12-27T23:31:45.539078,1.6846656799316406,True,native-replica-2,
2767,1766871105.572704,2025-12-27T23:31:45.572704,1.512289047241211,True,native-replica-2,
2768,1766871105.6064472,2025-12-27T23:31:45.606447,1.4438629150390625,True,native-replica-2,
2769,1766871105.6402645,2025-12-27T23:31:45.640265,1.6438961029052734,True,native-replica-2,
2770,1766871105.6741295,2025-12-27T23:31:45.674129,1.4462471008300781,True,native-replica-2,
2771,1766871105.7085452,2025-12-27T23:31:45.708545,1.5137195587158203,True,native-replica-2,
2772,1766871105.7425768,2025-12-27T23:31:45.742577,1.520395278930664,True,native-replica-2,
2773,1766871105.7770689,2025-12-27T23:31:45.777069,3.013134002685547,True,native-replica-2,
2774,1766871105.8110802,2025-12-27T23:31:45.811080,1.5113353729248047,True,native-replica-2,
2775,1766871105.8451061,2025-12-27T23:31:45.845106,1.7638206481933594,True,native-replica-2,
2776,1766871105.8787274,2025-12-27T23:31:45.878727,1.0094642639160156,True,native-replica-2,
2777,1766871105.9132502,2025-12-27T23:31:45.913250,2.0079612731933594,True,native-replica-2,
2778,1766871105.9467828,2025-12-27T23:31:45.946783,1.512289047241211,True,native-replica-2,
2779,1766871105.980317,2025-12-27T23:31:45.980317,1.013040542602539,True,native-replica-2,
2780,1766871106.0146353,2025-12-27T23:31:46.014635,1.0068416595458984,True,native-replica-2,
2781,1766871106.0489774,2025-12-27T23:31:46.048977,1.0061264038085938,True,native-replica-2,
2782,1766871106.0834277,2025-12-27T23:31:46.083428,1.51824951171875,True,native-replica-2,
2783,1766871106.117585,2025-12-27T23:31:46.117585,1.2333393096923828,True,native-replica-2,
2784,1766871106.1521697,2025-12-27T23:31:46.152170,2.0160675048828125,True,native-replica-2,
2785,1766871106.186044,2025-12-27T23:31:46.186044,1.009225845336914,True,native-replica-2,
2786,1766871106.2204795,2025-12-27T23:31:46.220479,1.0151863098144531,True,native-replica-2,
2787,1766871106.255042,2025-12-27T23:31:46.255042,1.9423961639404297,True,native-replica-2,
2788,1766871106.2889135,2025-12-27T23:31:46.288913,1.0082721710205078,True,native-replica-2,
2789,1766871106.3234165,2025-12-27T23:31:46.323416,1.5170574188232422,True,native-replica-2,
2790,1766871106.3570747,2025-12-27T23:31:46.357075,1.0089874267578125,True,native-replica-2,
2791,1766871106.3913908,2025-12-27T23:31:46.391391,1.008749008178711,True,native-replica-2,
2792,1766871106.425431,2025-12-27T23:31:46.425431,1.6651153564453125,True,native-replica-2,
2793,1766871106.4590707,2025-12-27T23:31:46.459071,1.5120506286621094,True,native-replica-2,
2794,1766871106.4928684,2025-12-27T23:31:46.492868,1.005411148071289,True,native-replica-2,
2795,1766871106.5275106,2025-12-27T23:31:46.527511,2.048492431640625,True,native-replica-2,
2796,1766871106.5615125,2025-12-27T23:31:46.561512,1.5208721160888672,True,native-replica-2,
2797,1766871106.5954971,2025-12-27T23:31:46.595497,1.4083385467529297,True,native-replica-2,
2798,1766871106.6297727,2025-12-27T23:31:46.629773,1.2083053588867188,True,native-replica-2,
2799,1766871106.664014,2025-12-27T23:31:46.664014,1.512765884399414,True,native-replica-2,
2800,1766871106.6984522,2025-12-27T23:31:46.698452,1.512765884399414,True,native-replica-2,
2801,1766871106.7321062,2025-12-27T23:31:46.732106,1.3155937194824219,True,native-replica-2,
2802,1766871106.766577,2025-12-27T23:31:46.766577,1.5120506286621094,True,native-replica-2,
2803,1766871106.8005133,2025-12-27T23:31:46.800513,1.0063648223876953,True,native-replica-2,
2804,1766871106.8346534,2025-12-27T23:31:46.834653,1.5120506286621094,True,native-replica-2,
2805,1766871106.8685908,2025-12-27T23:31:46.868591,1.5189647674560547,True,native-replica-2,
2806,1766871106.9023852,2025-12-27T23:31:46.902385,1.5118122100830078,True,native-replica-2,
2807,1766871106.9360194,2025-12-27T23:31:46.936019,1.5206336975097656,True,native-replica-2,
2808,1766871106.970071,2025-12-27T23:31:46.970071,1.007080078125,True,native-replica-2,
2809,1766871107.0047302,2025-12-27T23:31:47.004730,1.0073184967041016,True,native-replica-2,
2810,1766871107.0392892,2025-12-27T23:31:47.039289,1.512289047241211,True,native-replica-2,
2811,1766871107.0731142,2025-12-27T23:31:47.073114,1.007080078125,True,native-replica-2,
2812,1766871107.107573,2025-12-27T23:31:47.107573,1.0075569152832031,True,native-replica-2,
2813,1766871107.141994,2025-12-27T23:31:47.141994,1.0058879852294922,True,native-replica-2,
2814,1766871107.1766503,2025-12-27T23:31:47.176650,1.5101432800292969,True,native-replica-2,
2815,1766871107.210283,2025-12-27T23:31:47.210283,2.0089149475097656,True,native-replica-2,
2816,1766871107.2442102,2025-12-27T23:31:47.244210,1.4238357543945312,True,native-replica-2,
2817,1766871107.278286,2025-12-27T23:31:47.278286,1.5156269073486328,True,native-replica-2,
2818,1766871107.312966,2025-12-27T23:31:47.312966,1.4111995697021484,True,native-replica-2,
2819,1766871107.3469667,2025-12-27T23:31:47.346967,1.6493797302246094,True,native-replica-2,
2820,1766871107.3808355,2025-12-27T23:31:47.380836,1.5134811401367188,True,native-replica-2,
2821,1766871107.4146562,2025-12-27T23:31:47.414656,1.0075569152832031,True,native-replica-2,
2822,1766871107.4483666,2025-12-27T23:31:47.448367,1.6789436340332031,True,native-replica-2,
2823,1766871107.4818797,2025-12-27T23:31:47.481880,1.0063648223876953,True,native-replica-2,
2824,1766871107.5162482,2025-12-27T23:31:47.516248,1.0097026824951172,True,native-replica-2,
2825,1766871107.5504565,2025-12-27T23:31:47.550457,1.0089874267578125,True,native-replica-2,
2826,1766871107.5844316,2025-12-27T23:31:47.584432,1.5380382537841797,True,native-replica-2,
2827,1766871107.618345,2025-12-27T23:31:47.618345,1.5156269073486328,True,native-replica-2,
2828,1766871107.652089,2025-12-27T23:31:47.652089,0.5056858062744141,True,native-replica-2,
2829,1766871107.6871321,2025-12-27T23:31:47.687132,1.318216323852539,True,native-replica-2,
2830,1766871107.7211678,2025-12-27T23:31:47.721168,1.6684532165527344,True,native-replica-2,
2831,1766871107.7553203,2025-12-27T23:31:47.755320,1.0347366333007812,True,native-replica-2,
2832,1766871107.7892578,2025-12-27T23:31:47.789258,2.0215511322021484,True,native-replica-2,
2833,1766871107.8230524,2025-12-27T23:31:47.823052,1.5120506286621094,True,native-replica-2,
2834,1766871107.8565865,2025-12-27T23:31:47.856586,1.0073184967041016,True,native-replica-2,
2835,1766871107.8908873,2025-12-27T23:31:47.890887,1.0061264038085938,True,native-replica-2,
2836,1766871107.9251764,2025-12-27T23:31:47.925176,1.5919208526611328,True,native-replica-2,
2837,1766871107.9588685,2025-12-27T23:31:47.958869,1.5125274658203125,True,native-replica-2,
2838,1766871107.99243,2025-12-27T23:31:47.992430,1.5120506286621094,True,native-replica-2,
2839,1766871108.0262847,2025-12-27T23:31:48.026285,0.5061626434326172,True,native-replica-2,
2840,1766871108.0610015,2025-12-27T23:31:48.061002,1.5139579772949219,True,native-replica-2,
2841,1766871108.0948954,2025-12-27T23:31:48.094895,2.0089149475097656,True,native-replica-2,
2842,1766871108.1284282,2025-12-27T23:31:48.128428,1.5187263488769531,True,native-replica-2,
2843,1766871108.1626098,2025-12-27T23:31:48.162610,1.5146732330322266,True,native-replica-2,
2844,1766871108.1967123,2025-12-27T23:31:48.196712,2.0096302032470703,True,native-replica-2,
2845,1766871108.2306082,2025-12-27T23:31:48.230608,1.9719600677490234,True,native-replica-2,
2846,1766871108.2646797,2025-12-27T23:31:48.264680,1.5168190002441406,True,native-replica-2,
2847,1766871108.29822,2025-12-27T23:31:48.298220,2.0096302032470703,True,native-replica-2,
2848,1766871108.3322513,2025-12-27T23:31:48.332251,1.009225845336914,True,native-replica-2,
2849,1766871108.3667564,2025-12-27T23:31:48.366756,1.5101432800292969,True,native-replica-2,
2850,1766871108.4007971,2025-12-27T23:31:48.400797,2.0079612731933594,True,native-replica-2,
2851,1766871108.434277,2025-12-27T23:31:48.434277,1.0085105895996094,True,native-replica-2,
2852,1766871108.4685855,2025-12-27T23:31:48.468585,1.600503921508789,True,native-replica-2,
2853,1766871108.5022492,2025-12-27T23:31:48.502249,1.0097026824951172,True,native-replica-2,
2854,1766871108.5364203,2025-12-27T23:31:48.536420,1.3566017150878906,True,native-replica-2,
2855,1766871108.5706787,2025-12-27T23:31:48.570679,1.007080078125,True,native-replica-2,
2856,1766871108.6052854,2025-12-27T23:31:48.605285,1.5938282012939453,True,native-replica-2,
2857,1766871108.6390026,2025-12-27T23:31:48.639003,1.5108585357666016,True,native-replica-2,
2858,1766871108.6736305,2025-12-27T23:31:48.673630,0.5040168762207031,True,native-replica-2,
2859,1766871108.7085142,2025-12-27T23:31:48.708514,1.0066032409667969,True,native-replica-2,
2860,1766871108.7426372,2025-12-27T23:31:48.742637,0.5040168762207031,True,native-replica-2,
2861,1766871108.7775912,2025-12-27T23:31:48.777591,1.5125274658203125,True,native-replica-2,
2862,1766871108.8116121,2025-12-27T23:31:48.811612,1.0068416595458984,True,native-replica-2,
2863,1766871108.8462448,2025-12-27T23:31:48.846245,1.6350746154785156,True,native-replica-2,
2864,1766871108.8799329,2025-12-27T23:31:48.879933,1.519918441772461,True,native-replica-2,
2865,1766871108.9139822,2025-12-27T23:31:48.913982,2.0089149475097656,True,native-replica-2,
2866,1766871108.947616,2025-12-27T23:31:48.947616,1.3861656188964844,True,native-replica-2,
2867,1766871108.9814696,2025-12-27T23:31:48.981470,1.4281272888183594,True,native-replica-2,
2868,1766871109.015285,2025-12-27T23:31:49.015285,1.0075569152832031,True,native-replica-2,
2869,1766871109.0493858,2025-12-27T23:31:49.049386,2.0110607147216797,True,native-replica-2,
2870,1766871109.0833323,2025-12-27T23:31:49.083332,1.0066032409667969,True,native-replica-2,
2871,1766871109.1177897,2025-12-27T23:31:49.117790,1.5244483947753906,True,native-replica-2,
2872,1766871109.1516738,2025-12-27T23:31:49.151674,1.0082721710205078,True,native-replica-2,
2873,1766871109.186234,2025-12-27T23:31:49.186234,1.0106563568115234,True,native-replica-2,
2874,1766871109.220454,2025-12-27T23:31:49.220454,2.0542144775390625,True,native-replica-2,
2875,1766871109.2540643,2025-12-27T23:31:49.254064,1.5361309051513672,True,native-replica-2,
2876,1766871109.287997,2025-12-27T23:31:49.287997,2.0079612731933594,True,native-replica-2,
2877,1766871109.3219638,2025-12-27T23:31:49.321964,1.4560222625732422,True,native-replica-2,
2878,1766871109.3557575,2025-12-27T23:31:49.355757,1.5137195587158203,True,native-replica-2,
2879,1766871109.3898666,2025-12-27T23:31:49.389867,1.0061264038085938,True,native-replica-2,
2880,1766871109.4244008,2025-12-27T23:31:49.424401,1.5225410461425781,True,native-replica-2,
2881,1766871109.4583266,2025-12-27T23:31:49.458327,1.6820430755615234,True,native-replica-2,
2882,1766871109.492042,2025-12-27T23:31:49.492042,1.0066032409667969,True,native-replica-2,
2883,1766871109.526211,2025-12-27T23:31:49.526211,1.438140869140625,True,native-replica-2,
2884,1766871109.5600512,2025-12-27T23:31:49.560051,1.0073184967041016,True,native-replica-2,
2885,1766871109.5946076,2025-12-27T23:31:49.594608,1.0089874267578125,True,native-replica-2,
2886,1766871109.6290357,2025-12-27T23:31:49.629036,1.516580581665039,True,native-replica-2,
2887,1766871109.6633117,2025-12-27T23:31:49.663312,1.5134811401367188,True,native-replica-2,
2888,1766871109.697713,2025-12-27T23:31:49.697713,1.0063648223876953,True,native-replica-2,
2889,1766871109.7318828,2025-12-27T23:31:49.731883,1.008749008178711,True,native-replica-2,
2890,1766871109.7664006,2025-12-27T23:31:49.766401,1.5213489532470703,True,native-replica-2,
2891,1766871109.8008304,2025-12-27T23:31:49.800830,1.0075569152832031,True,native-replica-2,
2892,1766871109.8355067,2025-12-27T23:31:49.835507,1.3947486877441406,True,native-replica-2,
2893,1766871109.8690689,2025-12-27T23:31:49.869069,1.008749008178711,True,native-replica-2,
2894,1766871109.9030921,2025-12-27T23:31:49.903092,1.512289047241211,True,native-replica-2,
2895,1766871109.9370122,2025-12-27T23:31:49.937012,1.0058879852294922,True,native-replica-2,
2896,1766871109.9710546,2025-12-27T23:31:49.971055,1.8796920776367188,True,native-replica-2,
2897,1766871110.0049472,2025-12-27T23:31:50.004947,1.5137195587158203,True,native-replica-2,
2898,1766871110.038441,2025-12-27T23:31:50.038441,1.5125274658203125,True,native-replica-2,
2899,1766871110.0725389,2025-12-27T23:31:50.072539,1.009225845336914,True,native-replica-2,
2900,1766871110.1070414,2025-12-27T23:31:50.107041,0.5044937133789062,True,native-replica-2,
2901,1766871110.1420012,2025-12-27T23:31:50.142001,1.0128021240234375,True,native-replica-2,
2902,1766871110.1766057,2025-12-27T23:31:50.176606,1.5103816986083984,True,native-replica-2,
2903,1766871110.210748,2025-12-27T23:31:50.210748,1.0082721710205078,True,native-replica-2,
2904,1766871110.245314,2025-12-27T23:31:50.245314,1.7020702362060547,True,native-replica-2,
2905,1766871110.2790184,2025-12-27T23:31:50.279018,0.5421638488769531,True,native-replica-2,
2906,1766871110.3137028,2025-12-27T23:31:50.313703,1.51824951171875,True,native-replica-2,
2907,1766871110.348118,2025-12-27T23:31:50.348118,1.0066032409667969,True,native-replica-2,
2908,1766871110.3825345,2025-12-27T23:31:50.382535,1.5130043029785156,True,native-replica-2,
2909,1766871110.4162433,2025-12-27T23:31:50.416243,1.5292167663574219,True,native-replica-2,
2910,1766871110.4502366,2025-12-27T23:31:50.450237,1.5115737915039062,True,native-replica-2,
2911,1766871110.4840832,2025-12-27T23:31:50.484083,2.007722854614258,True,native-replica-2,
2912,1766871110.5180938,2025-12-27T23:31:50.518094,1.5156269073486328,True,native-replica-2,
2913,1766871110.5519457,2025-12-27T23:31:50.551946,1.5902519226074219,True,native-replica-2,
2914,1766871110.5860713,2025-12-27T23:31:50.586071,2.0079612731933594,True,native-replica-2,
2915,1766871110.6201367,2025-12-27T23:31:50.620137,1.0066032409667969,True,native-replica-2,
2916,1766871110.654521,2025-12-27T23:31:50.654521,1.0080337524414062,True,native-replica-2,
2917,1766871110.6890688,2025-12-27T23:31:50.689069,1.0073184967041016,True,native-replica-2,
2918,1766871110.7236304,2025-12-27T23:31:50.723630,1.52587890625,True,native-replica-2,
2919,1766871110.7575881,2025-12-27T23:31:50.757588,1.5153884887695312,True,native-replica-2,
2920,1766871110.7913198,2025-12-27T23:31:50.791320,1.008749008178711,True,native-replica-2,
2921,1766871110.8257756,2025-12-27T23:31:50.825776,1.4233589172363281,True,native-replica-2,
2922,1766871110.859712,2025-12-27T23:31:50.859712,1.6231536865234375,True,native-replica-2,
2923,1766871110.8936317,2025-12-27T23:31:50.893632,1.6279220581054688,True,native-replica-2,
2924,1766871110.927428,2025-12-27T23:31:50.927428,1.5177726745605469,True,native-replica-2,
2925,1766871110.9615495,2025-12-27T23:31:50.961550,1.5201568603515625,True,native-replica-2,
2926,1766871110.9954474,2025-12-27T23:31:50.995447,1.0120868682861328,True,native-replica-2,
2927,1766871111.029984,2025-12-27T23:31:51.029984,1.010894775390625,True,native-replica-2,
2928,1766871111.0645795,2025-12-27T23:31:51.064579,1.2028217315673828,True,native-replica-2,
2929,1766871111.0989604,2025-12-27T23:31:51.098960,1.0073184967041016,True,native-replica-2,
2930,1766871111.1331582,2025-12-27T23:31:51.133158,1.5120506286621094,True,native-replica-2,
2931,1766871111.167149,2025-12-27T23:31:51.167149,1.0075569152832031,True,native-replica-2,
2932,1766871111.2016923,2025-12-27T23:31:51.201692,1.0080337524414062,True,native-replica-2,
2933,1766871111.2362235,2025-12-27T23:31:51.236223,0.5214214324951172,True,native-replica-2,
2934,1766871111.2712362,2025-12-27T23:31:51.271236,1.5194416046142578,True,native-replica-2,
2935,1766871111.305154,2025-12-27T23:31:51.305154,1.5256404876708984,True,native-replica-2,
2936,1766871111.3390207,2025-12-27T23:31:51.339021,1.5146732330322266,True,native-replica-2,
2937,1766871111.3732045,2025-12-27T23:31:51.373204,1.5230178833007812,True,native-replica-2,
2938,1766871111.4071162,2025-12-27T23:31:51.407116,1.516103744506836,True,native-replica-2,
2939,1766871111.4407716,2025-12-27T23:31:51.440772,1.5168190002441406,True,native-replica-2,
2940,1766871111.4743927,2025-12-27T23:31:51.474393,0.5059242248535156,True,native-replica-2,
2941,1766871111.509295,2025-12-27T23:31:51.509295,1.5118122100830078,True,native-replica-2,
2942,1766871111.542986,2025-12-27T23:31:51.542986,1.0058879852294922,True,native-replica-2,
2943,1766871111.57758,2025-12-27T23:31:51.577580,2.008199691772461,True,native-replica-2,
2944,1766871111.611246,2025-12-27T23:31:51.611246,1.0075569152832031,True,native-replica-2,
2945,1766871111.6454456,2025-12-27T23:31:51.645446,1.007080078125,True,native-replica-2,
2946,1766871111.679737,2025-12-27T23:31:51.679737,1.4660358428955078,True,native-replica-2,
2947,1766871111.7137864,2025-12-27T23:31:51.713786,1.008749008178711,True,native-replica-2,
2948,1766871111.7482915,2025-12-27T23:31:51.748291,1.0061264038085938,True,native-replica-2,
2949,1766871111.7823012,2025-12-27T23:31:51.782301,0.5047321319580078,True,native-replica-2,
2950,1766871111.816908,2025-12-27T23:31:51.816908,1.5327930450439453,True,native-replica-2,
2951,1766871111.8504426,2025-12-27T23:31:51.850443,2.0215511322021484,True,native-replica-2,
2952,1766871111.8841374,2025-12-27T23:31:51.884137,1.0333061218261719,True,native-replica-2,
2953,1766871111.9182973,2025-12-27T23:31:51.918297,1.0139942169189453,True,native-replica-2,
2954,1766871111.952676,2025-12-27T23:31:51.952676,1.5137195587158203,True,native-replica-2,
2955,1766871111.9867325,2025-12-27T23:31:51.986732,1.008749008178711,True,native-replica-2,
2956,1766871112.0212836,2025-12-27T23:31:52.021284,1.5180110931396484,True,native-replica-2,
2957,1766871112.054892,2025-12-27T23:31:52.054892,1.5153884887695312,True,native-replica-2,
2958,1766871112.0884483,2025-12-27T23:31:52.088448,1.5170574188232422,True,native-replica-2,
2959,1766871112.1224322,2025-12-27T23:31:52.122432,1.5168190002441406,True,native-replica-2,
2960,1766871112.1559284,2025-12-27T23:31:52.155928,1.5163421630859375,True,native-replica-2,
2961,1766871112.1895258,2025-12-27T23:31:52.189526,1.0094642639160156,True,native-replica-2,
2962,1766871112.2240617,2025-12-27T23:31:52.224062,1.5156269073486328,True,native-replica-2,
2963,1766871112.2579155,2025-12-27T23:31:52.257915,1.5299320220947266,True,native-replica-2,
2964,1766871112.2914944,2025-12-27T23:31:52.291494,2.0093917846679688,True,native-replica-2,
2965,1766871112.3254716,2025-12-27T23:31:52.325472,1.0082721710205078,True,native-replica-2,
2966,1766871112.359991,2025-12-27T23:31:52.359991,1.0063648223876953,True,native-replica-2,
2967,1766871112.3939936,2025-12-27T23:31:52.393994,1.5125274658203125,True,native-replica-2,
2968,1766871112.4275074,2025-12-27T23:31:52.427507,0.5040168762207031,True,native-replica-2,
2969,1766871112.4618304,2025-12-27T23:31:52.461830,1.0058879852294922,True,native-replica-2,
2970,1766871112.4965713,2025-12-27T23:31:52.496571,1.535654067993164,True,native-replica-2,
2971,1766871112.5301032,2025-12-27T23:31:52.530103,1.0673999786376953,True,native-replica-2,
2972,1766871112.5645497,2025-12-27T23:31:52.564550,1.0066032409667969,True,native-replica-2,
2973,1766871112.5990913,2025-12-27T23:31:52.599091,1.512289047241211,True,native-replica-2,
2974,1766871112.6329844,2025-12-27T23:31:52.632984,1.514434814453125,True,native-replica-2,
2975,1766871112.6671274,2025-12-27T23:31:52.667127,1.3363361358642578,True,native-replica-2,
2976,1766871112.7012742,2025-12-27T23:31:52.701274,2.0072460174560547,True,native-replica-2,
2977,1766871112.73497,2025-12-27T23:31:52.734970,1.4476776123046875,True,native-replica-2,
2978,1766871112.7687426,2025-12-27T23:31:52.768743,1.010894775390625,True,native-replica-2,
2979,1766871112.803392,2025-12-27T23:31:52.803392,1.5163421630859375,True,native-replica-2,
2980,1766871112.8375227,2025-12-27T23:31:52.837523,1.5170574188232422,True,native-replica-2,
2981,1766871112.8718538,2025-12-27T23:31:52.871854,1.354217529296875,True,native-replica-2,
2982,1766871112.905823,2025-12-27T23:31:52.905823,1.0061264038085938,True,native-replica-2,
2983,1766871112.9403193,2025-12-27T23:31:52.940319,1.5120506286621094,True,native-replica-2,
2984,1766871112.9741118,2025-12-27T23:31:52.974112,1.5132427215576172,True,native-replica-2,
2985,1766871113.007723,2025-12-27T23:31:53.007723,1.5454292297363281,True,native-replica-2,
2986,1766871113.0416684,2025-12-27T23:31:53.041668,1.5017986297607422,True,native-replica-2,
2987,1766871113.0756028,2025-12-27T23:31:53.075603,1.5189647674560547,True,native-replica-2,
2988,1766871113.109755,2025-12-27T23:31:53.109755,1.0342597961425781,True,native-replica-2,
2989,1766871113.14433,2025-12-27T23:31:53.144330,1.6248226165771484,True,native-replica-2,
2990,1766871113.178275,2025-12-27T23:31:53.178275,1.708984375,True,native-replica-2,
2991,1766871113.2124403,2025-12-27T23:31:53.212440,2.0117759704589844,True,native-replica-2,
2992,1766871113.2465181,2025-12-27T23:31:53.246518,1.0094642639160156,True,native-replica-2,
2993,1766871113.281181,2025-12-27T23:31:53.281181,1.0061264038085938,True,native-replica-2,
2994,1766871113.3156903,2025-12-27T23:31:53.315690,1.5110969543457031,True,native-replica-2,
2995,1766871113.3493369,2025-12-27T23:31:53.349337,1.0061264038085938,True,native-replica-2,
2996,1766871113.3836217,2025-12-27T23:31:53.383622,1.516580581665039,True,native-replica-2,
2997,1766871113.4175513,2025-12-27T23:31:53.417551,1.5115737915039062,True,native-replica-2,
2998,1766871113.4517617,2025-12-27T23:31:53.451762,1.7364025115966797,True,native-replica-2,
2999,1766871113.4853997,2025-12-27T23:31:53.485400,1.6493797302246094,True,native-replica-2,
3000,1766871113.5191348,2025-12-27T23:31:53.519135,1.5146732330322266,True,native-replica-2,
3001,1766871113.5528152,2025-12-27T23:31:53.552815,1.5130043029785156,True,native-replica-2,
3002,1766871113.586485,2025-12-27T23:31:53.586485,0.8764266967773438,True,native-replica-2,
3003,1766871113.6210268,2025-12-27T23:31:53.621027,1.0085105895996094,True,native-replica-2,
3004,1766871113.6554928,2025-12-27T23:31:53.655493,1.0066032409667969,True,native-replica-2,
3005,1766871113.6895201,2025-12-27T23:31:53.689520,1.5139579772949219,True,native-replica-2,
3006,1766871113.723061,2025-12-27T23:31:53.723061,1.4755725860595703,True,native-replica-2,
3007,1766871113.757034,2025-12-27T23:31:53.757034,1.5137195587158203,True,native-replica-2,
3008,1766871113.7909033,2025-12-27T23:31:53.790903,2.0096302032470703,True,native-replica-2,
3009,1766871113.8245053,2025-12-27T23:31:53.824505,1.0063648223876953,True,native-replica-2,
3010,1766871113.8590126,2025-12-27T23:31:53.859013,1.5327930450439453,True,native-replica-2,
3011,1766871113.8927243,2025-12-27T23:31:53.892724,1.5163421630859375,True,native-replica-2,
3012,1766871113.926251,2025-12-27T23:31:53.926251,1.5168190002441406,True,native-replica-2,
3013,1766871113.9602861,2025-12-27T23:31:53.960286,1.5368461608886719,True,native-replica-2,
3014,1766871113.9938502,2025-12-27T23:31:53.993850,1.0128021240234375,True,native-replica-2,
3015,1766871114.0282538,2025-12-27T23:31:54.028254,2.0105838775634766,True,native-replica-2,
3016,1766871114.0620594,2025-12-27T23:31:54.062059,1.0075569152832031,True,native-replica-2,
3017,1766871114.0962598,2025-12-27T23:31:54.096260,0.7152557373046875,True,native-replica-2,
3018,1766871114.1311266,2025-12-27T23:31:54.131127,3.5212039947509766,True,native-replica-2,
3019,1766871114.1649601,2025-12-27T23:31:54.164960,0.5080699920654297,True,native-replica-2,
3020,1766871114.2000825,2025-12-27T23:31:54.200083,1.512289047241211,True,native-replica-2,
3021,1766871114.2338378,2025-12-27T23:31:54.233838,1.0118484497070312,True,native-replica-2,
3022,1766871114.2682939,2025-12-27T23:31:54.268294,2.009153366088867,True,native-replica-2,
3023,1766871114.3022015,2025-12-27T23:31:54.302202,1.2438297271728516,True,native-replica-2,
3024,1766871114.3366213,2025-12-27T23:31:54.336621,1.0075569152832031,True,native-replica-2,
3025,1766871114.370798,2025-12-27T23:31:54.370798,1.7268657684326172,True,native-replica-2,
3026,1766871114.404783,2025-12-27T23:31:54.404783,1.506805419921875,True,native-replica-2,
3027,1766871114.4385915,2025-12-27T23:31:54.438591,0.5042552947998047,True,native-replica-2,
3028,1766871114.473376,2025-12-27T23:31:54.473376,1.1990070343017578,True,native-replica-2,
3029,1766871114.507806,2025-12-27T23:31:54.507806,2.0728111267089844,True,native-replica-2,
3030,1766871114.5416524,2025-12-27T23:31:54.541652,1.0075569152832031,True,native-replica-2,
3031,1766871114.5762706,2025-12-27T23:31:54.576271,1.0101795196533203,True,native-replica-2,
3032,1766871114.6107757,2025-12-27T23:31:54.610776,2.011537551879883,True,native-replica-2,
3033,1766871114.6443079,2025-12-27T23:31:54.644308,1.0132789611816406,True,native-replica-2,
3034,1766871114.6786492,2025-12-27T23:31:54.678649,1.5180110931396484,True,native-replica-2,
3035,1766871114.7126117,2025-12-27T23:31:54.712612,1.3446807861328125,True,native-replica-2,
3036,1766871114.7467504,2025-12-27T23:31:54.746750,1.5079975128173828,True,native-replica-2,
3037,1766871114.7806373,2025-12-27T23:31:54.780637,1.0075569152832031,True,native-replica-2,
3038,1766871114.8147159,2025-12-27T23:31:54.814716,11.518716812133789,True,native-replica-2,
3039,1766871114.8487465,2025-12-27T23:31:54.848747,1.5132427215576172,True,native-replica-2,
3040,1766871114.8827198,2025-12-27T23:31:54.882720,1.0094642639160156,True,native-replica-2,
3041,1766871114.9168832,2025-12-27T23:31:54.916883,1.5225410461425781,True,native-replica-2,
3042,1766871114.9508035,2025-12-27T23:31:54.950804,0.5044937133789062,True,native-replica-2,
3043,1766871114.9856691,2025-12-27T23:31:54.985669,1.150369644165039,True,native-replica-2,
3044,1766871115.0197647,2025-12-27T23:31:55.019765,1.0097026824951172,True,native-replica-2,
3045,1766871115.0541484,2025-12-27T23:31:55.054148,1.5146732330322266,True,native-replica-2,
3046,1766871115.0876906,2025-12-27T23:31:55.087691,1.0082721710205078,True,native-replica-2,
3047,1766871115.121872,2025-12-27T23:31:55.121872,1.0068416595458984,True,native-replica-2,
3048,1766871115.1561747,2025-12-27T23:31:55.156175,1.4307498931884766,True,native-replica-2,
3049,1766871115.1901045,2025-12-27T23:31:55.190104,1.0099411010742188,True,native-replica-2,
3050,1766871115.2256315,2025-12-27T23:31:55.225631,2.001523971557617,True,native-replica-2,
3051,1766871115.2593267,2025-12-27T23:31:55.259327,1.0063648223876953,True,native-replica-2,
3052,1766871115.293591,2025-12-27T23:31:55.293591,1.6274452209472656,True,native-replica-2,
3053,1766871115.3271673,2025-12-27T23:31:55.327167,1.5113353729248047,True,native-replica-2,
3054,1766871115.3614414,2025-12-27T23:31:55.361441,1.5308856964111328,True,native-replica-2,
3055,1766871115.3956354,2025-12-27T23:31:55.395635,1.0800361633300781,True,native-replica-2,
3056,1766871115.429961,2025-12-27T23:31:55.429961,2.151966094970703,True,native-replica-2,
3057,1766871115.463432,2025-12-27T23:31:55.463432,1.007080078125,True,native-replica-2,
3058,1766871115.4979887,2025-12-27T23:31:55.497989,1.6188621520996094,True,native-replica-2,
3059,1766871115.5316577,2025-12-27T23:31:55.531658,1.0061264038085938,True,native-replica-2,
3060,1766871115.5665545,2025-12-27T23:31:55.566555,1.0066032409667969,True,native-replica-2,
3061,1766871115.6006463,2025-12-27T23:31:55.600646,1.5118122100830078,True,native-replica-2,
3062,1766871115.6345484,2025-12-27T23:31:55.634548,1.0068416595458984,True,native-replica-2,
3063,1766871115.668976,2025-12-27T23:31:55.668976,2.0062923431396484,True,native-replica-2,
3064,1766871115.702943,2025-12-27T23:31:55.702943,1.5120506286621094,True,native-replica-2,
3065,1766871115.7364728,2025-12-27T23:31:55.736473,1.5835762023925781,True,native-replica-2,
3066,1766871115.770577,2025-12-27T23:31:55.770577,1.4913082122802734,True,native-replica-2,
3067,1766871115.804269,2025-12-27T23:31:55.804269,1.512289047241211,True,native-replica-2,
3068,1766871115.8381894,2025-12-27T23:31:55.838189,1.5218257904052734,True,native-replica-2,
3069,1766871115.8718593,2025-12-27T23:31:55.871859,1.0116100311279297,True,native-replica-2,
3070,1766871115.9068258,2025-12-27T23:31:55.906826,0.5209445953369141,True,native-replica-2,
3071,1766871115.941509,2025-12-27T23:31:55.941509,1.0056495666503906,True,native-replica-2,
3072,1766871115.9762154,2025-12-27T23:31:55.976215,1.5132427215576172,True,native-replica-2,
3073,1766871116.0100067,2025-12-27T23:31:56.010007,0.5049705505371094,True,native-replica-2,
3074,1766871116.044904,2025-12-27T23:31:56.044904,1.516580581665039,True,native-replica-2,
3075,1766871116.078964,2025-12-27T23:31:56.078964,1.0082721710205078,True,native-replica-2,
3076,1766871116.1132615,2025-12-27T23:31:56.113261,1.5130043029785156,True,native-replica-2,
3077,1766871116.1472895,2025-12-27T23:31:56.147290,1.5115737915039062,True,native-replica-2,
3078,1766871116.1810908,2025-12-27T23:31:56.181091,1.5125274658203125,True,native-replica-2,
3079,1766871116.2148385,2025-12-27T23:31:56.214839,1.5895366668701172,True,native-replica-2,
3080,1766871116.2486074,2025-12-27T23:31:56.248607,2.008199691772461,True,native-replica-2,
3081,1766871116.2825418,2025-12-27T23:31:56.282542,1.0094642639160156,True,native-replica-2,
3082,1766871116.3167143,2025-12-27T23:31:56.316714,1.5096664428710938,True,native-replica-2,
3083,1766871116.3511364,2025-12-27T23:31:56.351136,1.5130043029785156,True,native-replica-2,
3084,1766871116.3847096,2025-12-27T23:31:56.384710,1.0066032409667969,True,native-replica-2,
3085,1766871116.419281,2025-12-27T23:31:56.419281,2.0067691802978516,True,native-replica-2,
3086,1766871116.4528806,2025-12-27T23:31:56.452881,0.5054473876953125,True,native-replica-2,
3087,1766871116.4866016,2025-12-27T23:31:56.486602,1.0061264038085938,True,native-replica-2,
3088,1766871116.5209205,2025-12-27T23:31:56.520921,1.5132427215576172,True,native-replica-2,
3089,1766871116.5549357,2025-12-27T23:31:56.554936,0.5059242248535156,True,native-replica-2,
3090,1766871116.5894463,2025-12-27T23:31:56.589446,1.0066032409667969,True,native-replica-2,
3091,1766871116.623954,2025-12-27T23:31:56.623954,1.0097026824951172,True,native-replica-2,
3092,1766871116.6582286,2025-12-27T23:31:56.658229,1.0068416595458984,True,native-replica-2,
3093,1766871116.692287,2025-12-27T23:31:56.692287,1.0063648223876953,True,native-replica-2,
3094,1766871116.7265007,2025-12-27T23:31:56.726501,1.5115737915039062,True,native-replica-2,
3095,1766871116.7604074,2025-12-27T23:31:56.760407,1.5108585357666016,True,native-replica-2,
3096,1766871116.7941504,2025-12-27T23:31:56.794150,1.5132427215576172,True,native-replica-2,
3097,1766871116.828583,2025-12-27T23:31:56.828583,1.3506412506103516,True,native-replica-2,
3098,1766871116.8624816,2025-12-27T23:31:56.862482,1.5163421630859375,True,native-replica-2,
3099,1766871116.8966038,2025-12-27T23:31:56.896604,1.512765884399414,True,native-replica-2,
3100,1766871116.9301631,2025-12-27T23:31:56.930163,1.2602806091308594,True,native-replica-2,
3101,1766871116.9642525,2025-12-27T23:31:56.964252,1.0080337524414062,True,native-replica-2,
3102,1766871116.9987514,2025-12-27T23:31:56.998751,1.0068416595458984,True,native-replica-2,
3103,1766871117.0330362,2025-12-27T23:31:57.033036,1.0061264038085938,True,native-replica-2,
3104,1766871117.0680032,2025-12-27T23:31:57.068003,1.5149116516113281,True,native-replica-2,
3105,1766871117.1018806,2025-12-27T23:31:57.101881,1.5120506286621094,True,native-replica-2,
3106,1766871117.1354854,2025-12-27T23:31:57.135485,1.5163421630859375,True,native-replica-2,
3107,1766871117.1700976,2025-12-27T23:31:57.170098,2.0089149475097656,True,native-replica-2,
3108,1766871117.2036374,2025-12-27T23:31:57.203637,1.0085105895996094,True,native-replica-2,
3109,1766871117.2379951,2025-12-27T23:31:57.237995,1.5130043029785156,True,native-replica-2,
3110,1766871117.271715,2025-12-27T23:31:57.271715,1.4159679412841797,True,native-replica-2,
3111,1766871117.305657,2025-12-27T23:31:57.305657,2.0084381103515625,True,native-replica-2,
3112,1766871117.3398051,2025-12-27T23:31:57.339805,1.0075569152832031,True,native-replica-2,
3113,1766871117.3741033,2025-12-27T23:31:57.374103,1.3704299926757812,True,native-replica-2,
3114,1766871117.408112,2025-12-27T23:31:57.408112,1.7728805541992188,True,native-replica-2,
3115,1766871117.4423773,2025-12-27T23:31:57.442377,1.374959945678711,True,native-replica-2,
3116,1766871117.4761882,2025-12-27T23:31:57.476188,1.5139579772949219,True,native-replica-2,
3117,1766871117.510117,2025-12-27T23:31:57.510117,1.520395278930664,True,native-replica-2,
3118,1766871117.5441546,2025-12-27T23:31:57.544155,1.5211105346679688,True,native-replica-2,
3119,1766871117.5777082,2025-12-27T23:31:57.577708,1.4195442199707031,True,native-replica-2,
3120,1766871117.611419,2025-12-27T23:31:57.611419,0.5040168762207031,True,native-replica-2,
3121,1766871117.6462152,2025-12-27T23:31:57.646215,1.4491081237792969,True,native-replica-2,
3122,1766871117.680001,2025-12-27T23:31:57.680001,1.512765884399414,True,native-replica-2,
3123,1766871117.713926,2025-12-27T23:31:57.713926,1.6248226165771484,True,native-replica-2,
3124,1766871117.7479084,2025-12-27T23:31:57.747908,1.5683174133300781,True,native-replica-2,
3125,1766871117.781991,2025-12-27T23:31:57.781991,1.0080337524414062,True,native-replica-2,
3126,1766871117.816415,2025-12-27T23:31:57.816415,1.0068416595458984,True,native-replica-2,
3127,1766871117.8506196,2025-12-27T23:31:57.850620,1.3899803161621094,True,native-replica-2,
3128,1766871117.8846488,2025-12-27T23:31:57.884649,2.0093917846679688,True,native-replica-2,
3129,1766871117.918586,2025-12-27T23:31:57.918586,1.5163421630859375,True,native-replica-2,
3130,1766871117.952637,2025-12-27T23:31:57.952637,0.5068778991699219,True,native-replica-2,
3131,1766871117.987586,2025-12-27T23:31:57.987586,1.512765884399414,True,native-replica-2,
3132,1766871118.021355,2025-12-27T23:31:58.021355,1.0068416595458984,True,native-replica-2,
3133,1766871118.0561147,2025-12-27T23:31:58.056115,1.5130043029785156,True,native-replica-2,
3134,1766871118.0901597,2025-12-27T23:31:58.090160,0.5042552947998047,True,native-replica-2,
3135,1766871118.1248245,2025-12-27T23:31:58.124825,1.0061264038085938,True,native-replica-2,
3136,1766871118.1587572,2025-12-27T23:31:58.158757,1.6045570373535156,True,native-replica-2,
3137,1766871118.1928077,2025-12-27T23:31:58.192808,1.8126964569091797,True,native-replica-2,
3138,1766871118.2271576,2025-12-27T23:31:58.227158,1.5125274658203125,True,native-replica-2,
3139,1766871118.261258,2025-12-27T23:31:58.261258,1.5101432800292969,True,native-replica-2,
3140,1766871118.295612,2025-12-27T23:31:58.295612,2.00653076171875,True,native-replica-2,
3141,1766871118.3291905,2025-12-27T23:31:58.329190,1.4684200286865234,True,native-replica-2,
3142,1766871118.3632884,2025-12-27T23:31:58.363288,1.5993118286132812,True,native-replica-2,
3143,1766871118.3975832,2025-12-27T23:31:58.397583,1.0128021240234375,True,native-replica-2,
3144,1766871118.4319754,2025-12-27T23:31:58.431975,2.007007598876953,True,native-replica-2,
3145,1766871118.4654799,2025-12-27T23:31:58.465480,0.5245208740234375,True,native-replica-2,
3146,1766871118.5005422,2025-12-27T23:31:58.500542,1.5187263488769531,True,native-replica-2,
3147,1766871118.534581,2025-12-27T23:31:58.534581,1.512289047241211,True,native-replica-2,
3148,1766871118.5686145,2025-12-27T23:31:58.568614,1.4977455139160156,True,native-replica-2,
3149,1766871118.6025293,2025-12-27T23:31:58.602529,1.0077953338623047,True,native-replica-2,
3150,1766871118.6371677,2025-12-27T23:31:58.637168,1.5261173248291016,True,native-replica-2,
3151,1766871118.6710978,2025-12-27T23:31:58.671098,1.5354156494140625,True,native-replica-2,
3152,1766871118.7057164,2025-12-27T23:31:58.705716,1.008749008178711,True,native-replica-2,
3153,1766871118.7401137,2025-12-27T23:31:58.740114,1.512289047241211,True,native-replica-2,
3154,1766871118.7740543,2025-12-27T23:31:58.774054,1.0106563568115234,True,native-replica-2,
3155,1766871118.8078818,2025-12-27T23:31:58.807882,1.5137195587158203,True,native-replica-2,
3156,1766871118.841595,2025-12-27T23:31:58.841595,1.0085105895996094,True,native-replica-2,
3157,1766871118.875858,2025-12-27T23:31:58.875858,1.0066032409667969,True,native-replica-2,
3158,1766871118.909958,2025-12-27T23:31:58.909958,0.5037784576416016,True,native-replica-2,
3159,1766871118.9445858,2025-12-27T23:31:58.944586,1.6582012176513672,True,native-replica-2,
3160,1766871118.9783192,2025-12-27T23:31:58.978319,1.9831657409667969,True,native-replica-2,
3161,1766871119.0121274,2025-12-27T23:31:59.012127,2.190828323364258,True,native-replica-2,
3162,1766871119.045827,2025-12-27T23:31:59.045827,1.4157295227050781,True,native-replica-2,
3163,1766871119.0803192,2025-12-27T23:31:59.080319,1.5158653259277344,True,native-replica-2,
3164,1766871119.113952,2025-12-27T23:31:59.113952,1.5361309051513672,True,native-replica-2,
3165,1766871119.1479733,2025-12-27T23:31:59.147973,1.0061264038085938,True,native-replica-2,
3166,1766871119.1824315,2025-12-27T23:31:59.182431,1.5301704406738281,True,native-replica-2,
3167,1766871119.216196,2025-12-27T23:31:59.216196,1.0056495666503906,True,native-replica-2,
3168,1766871119.2504818,2025-12-27T23:31:59.250482,1.005411148071289,True,native-replica-2,
3169,1766871119.2848504,2025-12-27T23:31:59.284850,1.5172958374023438,True,native-replica-2,
3170,1766871119.318816,2025-12-27T23:31:59.318816,1.5189647674560547,True,native-replica-2,
3171,1766871119.3525023,2025-12-27T23:31:59.352502,1.0111331939697266,True,native-replica-2,
3172,1766871119.3867867,2025-12-27T23:31:59.386787,1.5153884887695312,True,native-replica-2,
3173,1766871119.4211946,2025-12-27T23:31:59.421195,1.5244483947753906,True,native-replica-2,
3174,1766871119.4555442,2025-12-27T23:31:59.455544,1.0116100311279297,True,native-replica-2,
3175,1766871119.489847,2025-12-27T23:31:59.489847,1.0113716125488281,True,native-replica-2,
3176,1766871119.5244129,2025-12-27T23:31:59.524413,1.0118484497070312,True,native-replica-2,
3177,1766871119.5590155,2025-12-27T23:31:59.559016,1.5106201171875,True,native-replica-2,
3178,1766871119.5930817,2025-12-27T23:31:59.593082,1.407623291015625,True,native-replica-2,
3179,1766871119.6270912,2025-12-27T23:31:59.627091,1.0073184967041016,True,native-replica-2,
3180,1766871119.6611922,2025-12-27T23:31:59.661192,1.512765884399414,True,native-replica-2,
3181,1766871119.6947167,2025-12-27T23:31:59.694717,1.0187625885009766,True,native-replica-2,
3182,1766871119.7293751,2025-12-27T23:31:59.729375,1.0068416595458984,True,native-replica-2,
3183,1766871119.7638404,2025-12-27T23:31:59.763840,1.5149116516113281,True,native-replica-2,
3184,1766871119.7978554,2025-12-27T23:31:59.797855,1.0101795196533203,True,native-replica-2,
3185,1766871119.8323736,2025-12-27T23:31:59.832374,1.6589164733886719,True,native-replica-2,
3186,1766871119.8660197,2025-12-27T23:31:59.866020,1.5189647674560547,True,native-replica-2,
3187,1766871119.900054,2025-12-27T23:31:59.900054,1.0068416595458984,True,native-replica-2,
3188,1766871119.9345825,2025-12-27T23:31:59.934582,1.514434814453125,True,native-replica-2,
3189,1766871119.968594,2025-12-27T23:31:59.968594,1.3387203216552734,True,native-replica-2,
3190,1766871120.0027347,2025-12-27T23:32:00.002735,1.6145706176757812,True,native-replica-2,
3191,1766871120.0369315,2025-12-27T23:32:00.036932,1.5914440155029297,True,native-replica-2,
3192,1766871120.0708973,2025-12-27T23:32:00.070897,1.5277862548828125,True,native-replica-2,
3193,1766871120.1046937,2025-12-27T23:32:00.104694,1.2378692626953125,True,native-replica-2,
3194,1766871120.1388364,2025-12-27T23:32:00.138836,1.3363361358642578,True,native-replica-2,
3195,1766871120.1730266,2025-12-27T23:32:00.173027,0.5042552947998047,True,native-replica-2,
3196,1766871120.2077665,2025-12-27T23:32:00.207767,1.512289047241211,True,native-replica-2,
3197,1766871120.2416523,2025-12-27T23:32:00.241652,0.5037784576416016,True,native-replica-2,
3198,1766871120.2765253,2025-12-27T23:32:00.276525,1.0063648223876953,True,native-replica-2,
3199,1766871120.3105364,2025-12-27T23:32:00.310536,1.5130043029785156,True,native-replica-2,
3200,1766871120.3447995,2025-12-27T23:32:00.344800,1.5110969543457031,True,native-replica-2,
3201,1766871120.378979,2025-12-27T23:32:00.378979,1.504659652709961,True,native-replica-2,
3202,1766871120.4129965,2025-12-27T23:32:00.412997,1.5130043029785156,True,native-replica-2,
3203,1766871120.4466705,2025-12-27T23:32:00.446671,0.507354736328125,True,native-replica-2,
3204,1766871120.4812675,2025-12-27T23:32:00.481267,1.013040542602539,True,native-replica-2,
3205,1766871120.5154004,2025-12-27T23:32:00.515400,1.008749008178711,True,native-replica-2,
3206,1766871120.549633,2025-12-27T23:32:00.549633,1.5149116516113281,True,native-replica-2,
3207,1766871120.5834758,2025-12-27T23:32:00.583476,0.5052089691162109,True,native-replica-2,
3208,1766871120.6179695,2025-12-27T23:32:00.617970,1.0058879852294922,True,native-replica-2,
3209,1766871120.652208,2025-12-27T23:32:00.652208,1.1265277862548828,True,native-replica-2,
3210,1766871120.6866796,2025-12-27T23:32:00.686680,1.0066032409667969,True,native-replica-2,
3211,1766871120.720688,2025-12-27T23:32:00.720688,1.5234947204589844,True,native-replica-2,
3212,1766871120.75428,2025-12-27T23:32:00.754280,1.0073184967041016,True,native-replica-2,
3213,1766871120.7884724,2025-12-27T23:32:00.788472,1.5130043029785156,True,native-replica-2,
3214,1766871120.8219986,2025-12-27T23:32:00.821999,2.008199691772461,True,native-replica-2,
3215,1766871120.8560092,2025-12-27T23:32:00.856009,1.6252994537353516,True,native-replica-2,
3216,1766871120.890036,2025-12-27T23:32:00.890036,1.5187263488769531,True,native-replica-2,
3217,1766871120.9242976,2025-12-27T23:32:00.924298,2.008199691772461,True,native-replica-2,
3218,1766871120.958098,2025-12-27T23:32:00.958098,1.5244483947753906,True,native-replica-2,
3219,1766871120.9924219,2025-12-27T23:32:00.992422,1.5332698822021484,True,native-replica-2,
3220,1766871121.0261405,2025-12-27T23:32:01.026140,1.1551380157470703,True,native-replica-2,
3221,1766871121.0605347,2025-12-27T23:32:01.060535,1.0068416595458984,True,native-replica-2,
3222,1766871121.0947883,2025-12-27T23:32:01.094788,1.821279525756836,True,native-replica-2,
3223,1766871121.128749,2025-12-27T23:32:01.128749,1.4622211456298828,True,native-replica-2,
3224,1766871121.1626747,2025-12-27T23:32:01.162675,1.7430782318115234,True,native-replica-2,
3225,1766871121.196855,2025-12-27T23:32:01.196855,1.0085105895996094,True,native-replica-2,
3226,1766871121.2314816,2025-12-27T23:32:01.231482,1.514434814453125,True,native-replica-2,
3227,1766871121.2654452,2025-12-27T23:32:01.265445,1.6567707061767578,True,native-replica-2,
3228,1766871121.2993984,2025-12-27T23:32:01.299398,1.5132427215576172,True,native-replica-2,
3229,1766871121.333081,2025-12-27T23:32:01.333081,1.0056495666503906,True,native-replica-2,
3230,1766871121.3674693,2025-12-27T23:32:01.367469,1.5380382537841797,True,native-replica-2,
3231,1766871121.4010663,2025-12-27T23:32:01.401066,1.5118122100830078,True,native-replica-2,
3232,1766871121.4353454,2025-12-27T23:32:01.435345,1.5120506286621094,True,native-replica-2,
3233,1766871121.4702582,2025-12-27T23:32:01.470258,1.5056133270263672,True,native-replica-2,
3234,1766871121.5038576,2025-12-27T23:32:01.503858,1.512765884399414,True,native-replica-2,
3235,1766871121.5373964,2025-12-27T23:32:01.537396,1.008749008178711,True,native-replica-2,
3236,1766871121.5716662,2025-12-27T23:32:01.571666,2.260446548461914,True,native-replica-2,
3237,1766871121.6056907,2025-12-27T23:32:01.605691,1.5704631805419922,True,native-replica-2,
3238,1766871121.639659,2025-12-27T23:32:01.639659,1.0068416595458984,True,native-replica-2,
3239,1766871121.674031,2025-12-27T23:32:01.674031,1.5256404876708984,True,native-replica-2,
3240,1766871121.7078266,2025-12-27T23:32:01.707827,1.6856193542480469,True,native-replica-2,
3241,1766871121.7416363,2025-12-27T23:32:01.741636,1.0068416595458984,True,native-replica-2,
3242,1766871121.7761142,2025-12-27T23:32:01.776114,1.2407302856445312,True,native-replica-2,
3243,1766871121.8103378,2025-12-27T23:32:01.810338,1.0061264038085938,True,native-replica-2,
3244,1766871121.8448474,2025-12-27T23:32:01.844847,0.5042552947998047,True,native-replica-2,
3245,1766871121.8797503,2025-12-27T23:32:01.879750,2.2623538970947266,True,native-replica-2,
3246,1766871121.913541,2025-12-27T23:32:01.913541,1.0120868682861328,True,native-replica-2,
3247,1766871121.948331,2025-12-27T23:32:01.948331,1.9583702087402344,True,native-replica-2,
3248,1766871121.9820673,2025-12-27T23:32:01.982067,1.0068416595458984,True,native-replica-2,
3249,1766871122.0161533,2025-12-27T23:32:02.016153,1.007080078125,True,native-replica-2,
3250,1766871122.0504134,2025-12-27T23:32:02.050413,1.0075569152832031,True,native-replica-2,
3251,1766871122.0849507,2025-12-27T23:32:02.084951,1.0068416595458984,True,native-replica-2,
3252,1766871122.1191082,2025-12-27T23:32:02.119108,1.3799667358398438,True,native-replica-2,
3253,1766871122.1526582,2025-12-27T23:32:02.152658,0.5040168762207031,True,native-replica-2,
3254,1766871122.186917,2025-12-27T23:32:02.186917,1.0061264038085938,True,native-replica-2,
3255,1766871122.221604,2025-12-27T23:32:02.221604,1.9085407257080078,True,native-replica-2,
3256,1766871122.2554772,2025-12-27T23:32:02.255477,1.5134811401367188,True,native-replica-2,
3257,1766871122.2893791,2025-12-27T23:32:02.289379,1.6143321990966797,True,native-replica-2,
3258,1766871122.3236477,2025-12-27T23:32:02.323648,1.569986343383789,True,native-replica-2,
3259,1766871122.357408,2025-12-27T23:32:02.357408,1.0154247283935547,True,native-replica-2,
3260,1766871122.3919532,2025-12-27T23:32:02.391953,1.5134811401367188,True,native-replica-2,
3261,1766871122.4255972,2025-12-27T23:32:02.425597,2.01416015625,True,native-replica-2,
3262,1766871122.4592834,2025-12-27T23:32:02.459283,1.0073184967041016,True,native-replica-2,
3263,1766871122.4936502,2025-12-27T23:32:02.493650,1.0099411010742188,True,native-replica-2,
3264,1766871122.5287015,2025-12-27T23:32:02.528702,1.0073184967041016,True,native-replica-2,
3265,1766871122.5631995,2025-12-27T23:32:02.563200,1.7435550689697266,True,native-replica-2,
3266,1766871122.5971427,2025-12-27T23:32:02.597143,1.516580581665039,True,native-replica-2,
3267,1766871122.6310577,2025-12-27T23:32:02.631058,1.3861656188964844,True,native-replica-2,
3268,1766871122.6649635,2025-12-27T23:32:02.664963,1.0099411010742188,True,native-replica-2,
3269,1766871122.6987505,2025-12-27T23:32:02.698750,1.8208026885986328,True,native-replica-2,
3270,1766871122.732961,2025-12-27T23:32:02.732961,1.0063648223876953,True,native-replica-2,
3271,1766871122.7673893,2025-12-27T23:32:02.767389,1.5227794647216797,True,native-replica-2,
3272,1766871122.8011785,2025-12-27T23:32:02.801178,1.0066032409667969,True,native-replica-2,
3273,1766871122.8357012,2025-12-27T23:32:02.835701,0.5064010620117188,True,native-replica-2,
3274,1766871122.8705444,2025-12-27T23:32:02.870544,1.512289047241211,True,native-replica-2,
3275,1766871122.9041872,2025-12-27T23:32:02.904187,1.5158653259277344,True,native-replica-2,
3276,1766871122.9387372,2025-12-27T23:32:02.938737,1.0089874267578125,True,native-replica-2,
3277,1766871122.9728222,2025-12-27T23:32:02.972822,1.0194778442382812,True,native-replica-2,
3278,1766871123.007228,2025-12-27T23:32:03.007228,1.0077953338623047,True,native-replica-2,
3279,1766871123.0417678,2025-12-27T23:32:03.041768,1.0063648223876953,True,native-replica-2,
3280,1766871123.0761354,2025-12-27T23:32:03.076135,1.4851093292236328,True,native-replica-2,
3281,1766871123.1105711,2025-12-27T23:32:03.110571,1.0075569152832031,True,native-replica-2,
3282,1766871123.1448123,2025-12-27T23:32:03.144812,1.4367103576660156,True,native-replica-2,
3283,1766871123.1792126,2025-12-27T23:32:03.179213,2.0189285278320312,True,native-replica-2,
3284,1766871123.2127454,2025-12-27T23:32:03.212745,1.4312267303466797,True,native-replica-2,
3285,1766871123.2466106,2025-12-27T23:32:03.246611,1.0123252868652344,True,native-replica-2,
3286,1766871123.2810438,2025-12-27T23:32:03.281044,1.5132427215576172,True,native-replica-2,
3287,1766871123.3146863,2025-12-27T23:32:03.314686,1.0063648223876953,True,native-replica-2,
3288,1766871123.349205,2025-12-27T23:32:03.349205,1.0080337524414062,True,native-replica-2,
3289,1766871123.3835423,2025-12-27T23:32:03.383542,1.5118122100830078,True,native-replica-2,
3290,1766871123.4171987,2025-12-27T23:32:03.417199,1.0061264038085938,True,native-replica-2,
3291,1766871123.450824,2025-12-27T23:32:03.450824,1.5230178833007812,True,native-replica-2,
3292,1766871123.4854228,2025-12-27T23:32:03.485423,1.730203628540039,True,native-replica-2,
3293,1766871123.5195284,2025-12-27T23:32:03.519528,1.0075569152832031,True,native-replica-2,
3294,1766871123.555397,2025-12-27T23:32:03.555397,0.9961128234863281,True,native-replica-2,
3295,1766871123.5898592,2025-12-27T23:32:03.589859,1.4443397521972656,True,native-replica-2,
3296,1766871123.6238587,2025-12-27T23:32:03.623859,1.1782646179199219,True,native-replica-2,
3297,1766871123.6581829,2025-12-27T23:32:03.658183,2.0117759704589844,True,native-replica-2,
3298,1766871123.6917214,2025-12-27T23:32:03.691721,2.0096302032470703,True,native-replica-2,
3299,1766871123.7255626,2025-12-27T23:32:03.725563,1.7766952514648438,True,native-replica-2,
3300,1766871123.7595074,2025-12-27T23:32:03.759507,1.0077953338623047,True,native-replica-2,
3301,1766871123.7942371,2025-12-27T23:32:03.794237,1.0123252868652344,True,native-replica-2,
3302,1766871123.8286064,2025-12-27T23:32:03.828606,1.0097026824951172,True,native-replica-2,
3303,1766871123.8629131,2025-12-27T23:32:03.862913,1.0082721710205078,True,native-replica-2,
3304,1766871123.8973532,2025-12-27T23:32:03.897353,1.0094642639160156,True,native-replica-2,
3305,1766871123.931583,2025-12-27T23:32:03.931583,1.0159015655517578,True,native-replica-2,
3306,1766871123.966056,2025-12-27T23:32:03.966056,1.0094642639160156,True,native-replica-2,
3307,1766871124.0002,2025-12-27T23:32:04.000200,1.007080078125,True,native-replica-2,
3308,1766871124.0344658,2025-12-27T23:32:04.034466,1.424551010131836,True,native-replica-2,
3309,1766871124.068411,2025-12-27T23:32:04.068411,1.0058879852294922,True,native-replica-2,
3310,1766871124.1022933,2025-12-27T23:32:04.102293,1.4309883117675781,True,native-replica-2,
3311,1766871124.136014,2025-12-27T23:32:04.136014,1.0216236114501953,True,native-replica-2,
3312,1766871124.170912,2025-12-27T23:32:04.170912,1.0325908660888672,True,native-replica-2,
3313,1766871124.2053416,2025-12-27T23:32:04.205342,1.0073184967041016,True,native-replica-2,
3314,1766871124.2393715,2025-12-27T23:32:04.239372,1.5099048614501953,True,native-replica-2,
3315,1766871124.2734172,2025-12-27T23:32:04.273417,1.0066032409667969,True,native-replica-2,
3316,1766871124.3079338,2025-12-27T23:32:04.307934,1.512765884399414,True,native-replica-2,
3317,1766871124.3421268,2025-12-27T23:32:04.342127,1.8470287322998047,True,native-replica-2,
3318,1766871124.3760817,2025-12-27T23:32:04.376082,1.5115737915039062,True,native-replica-2,
3319,1766871124.4103847,2025-12-27T23:32:04.410385,1.5125274658203125,True,native-replica-2,
3320,1766871124.4441688,2025-12-27T23:32:04.444169,1.5125274658203125,True,native-replica-2,
3321,1766871124.4778955,2025-12-27T23:32:04.477895,1.4066696166992188,True,native-replica-2,
3322,1766871124.5117006,2025-12-27T23:32:04.511701,1.0073184967041016,True,native-replica-2,
3323,1766871124.54603,2025-12-27T23:32:04.546030,1.0101795196533203,True,native-replica-2,
3324,1766871124.5809348,2025-12-27T23:32:04.580935,1.5625953674316406,True,native-replica-2,
3325,1766871124.6144404,2025-12-27T23:32:04.614440,2.146482467651367,True,native-replica-2,
3326,1766871124.6482704,2025-12-27T23:32:04.648270,1.5850067138671875,True,native-replica-2,
3327,1766871124.6820889,2025-12-27T23:32:04.682089,1.5246868133544922,True,native-replica-2,
3328,1766871124.7165034,2025-12-27T23:32:04.716503,1.5120506286621094,True,native-replica-2,
3329,1766871124.7500257,2025-12-27T23:32:04.750026,1.0082721710205078,True,native-replica-2,
3330,1766871124.7844107,2025-12-27T23:32:04.784411,0.5044937133789062,True,native-replica-2,
3331,1766871124.8189645,2025-12-27T23:32:04.818964,1.5215873718261719,True,native-replica-2,
3332,1766871124.8529418,2025-12-27T23:32:04.852942,1.007080078125,True,native-replica-2,
3333,1766871124.8874085,2025-12-27T23:32:04.887408,1.0080337524414062,True,native-replica-2,
3334,1766871124.9218748,2025-12-27T23:32:04.921875,1.0066032409667969,True,native-replica-2,
3335,1766871124.9562442,2025-12-27T23:32:04.956244,1.0080337524414062,True,native-replica-2,
3336,1766871124.9907818,2025-12-27T23:32:04.990782,1.0056495666503906,True,native-replica-2,
3337,1766871125.0253062,2025-12-27T23:32:05.025306,1.8305778503417969,True,native-replica-2,
3338,1766871125.0591826,2025-12-27T23:32:05.059183,2.0112991333007812,True,native-replica-2,
3339,1766871125.0927951,2025-12-27T23:32:05.092795,1.0075569152832031,True,native-replica-2,
3340,1766871125.127176,2025-12-27T23:32:05.127176,1.5158653259277344,True,native-replica-2,
3341,1766871125.1609256,2025-12-27T23:32:05.160926,1.5139579772949219,True,native-replica-2,
3342,1766871125.1948504,2025-12-27T23:32:05.194850,1.7480850219726562,True,native-replica-2,
3343,1766871125.2286284,2025-12-27T23:32:05.228628,1.0106563568115234,True,native-replica-2,
3344,1766871125.2633603,2025-12-27T23:32:05.263360,1.5330314636230469,True,native-replica-2,
3345,1766871125.2973769,2025-12-27T23:32:05.297377,1.5175342559814453,True,native-replica-2,
3346,1766871125.3313534,2025-12-27T23:32:05.331353,1.5120506286621094,True,native-replica-2,
3347,1766871125.365375,2025-12-27T23:32:05.365375,1.0080337524414062,True,native-replica-2,
3348,1766871125.3994763,2025-12-27T23:32:05.399476,1.5234947204589844,True,native-replica-2,
3349,1766871125.4332383,2025-12-27T23:32:05.433238,2.0074844360351562,True,native-replica-2,
3350,1766871125.4669476,2025-12-27T23:32:05.466948,1.0063648223876953,True,native-replica-2,
3351,1766871125.5012503,2025-12-27T23:32:05.501250,1.0104179382324219,True,native-replica-2,
3352,1766871125.5354943,2025-12-27T23:32:05.535494,1.5099048614501953,True,native-replica-2,
3353,1766871125.569434,2025-12-27T23:32:05.569434,1.5130043029785156,True,native-replica-2,
3354,1766871125.6031797,2025-12-27T23:32:05.603180,1.5130043029785156,True,native-replica-2,
3355,1766871125.6369543,2025-12-27T23:32:05.636954,1.5254020690917969,True,native-replica-2,
3356,1766871125.6710541,2025-12-27T23:32:05.671054,1.512289047241211,True,native-replica-2,
3357,1766871125.705019,2025-12-27T23:32:05.705019,1.5132427215576172,True,native-replica-2,
3358,1766871125.7387526,2025-12-27T23:32:05.738753,1.2142658233642578,True,native-replica-2,
3359,1766871125.7730017,2025-12-27T23:32:05.773002,1.516580581665039,True,native-replica-2,
3360,1766871125.8069804,2025-12-27T23:32:05.806980,1.4548301696777344,True,native-replica-2,
3361,1766871125.8409717,2025-12-27T23:32:05.840972,1.5294551849365234,True,native-replica-2,
3362,1766871125.874967,2025-12-27T23:32:05.874967,1.5163421630859375,True,native-replica-2,
3363,1766871125.9089227,2025-12-27T23:32:05.908923,1.0080337524414062,True,native-replica-2,
3364,1766871125.9432333,2025-12-27T23:32:05.943233,1.6236305236816406,True,native-replica-2,
3365,1766871125.9768827,2025-12-27T23:32:05.976883,0.5064010620117188,True,native-replica-2,
3366,1766871126.0115569,2025-12-27T23:32:06.011557,2.197265625,True,native-replica-2,
3367,1766871126.0454226,2025-12-27T23:32:06.045423,0.5054473876953125,True,native-replica-2,
3368,1766871126.0801249,2025-12-27T23:32:06.080125,1.520395278930664,True,native-replica-2,
3369,1766871126.1146524,2025-12-27T23:32:06.114652,1.5227794647216797,True,native-replica-2,
3370,1766871126.1484416,2025-12-27T23:32:06.148442,1.477956771850586,True,native-replica-2,
3371,1766871126.182441,2025-12-27T23:32:06.182441,2.0186901092529297,True,native-replica-2,
3372,1766871126.216029,2025-12-27T23:32:06.216029,1.0066032409667969,True,native-replica-2,
3373,1766871126.2506282,2025-12-27T23:32:06.250628,1.007080078125,True,native-replica-2,
3374,1766871126.284898,2025-12-27T23:32:06.284898,1.0073184967041016,True,native-replica-2,
3375,1766871126.3193746,2025-12-27T23:32:06.319375,1.735687255859375,True,native-replica-2,
3376,1766871126.3534317,2025-12-27T23:32:06.353432,1.6815662384033203,True,native-replica-2,
3377,1766871126.387081,2025-12-27T23:32:06.387081,1.4538764953613281,True,native-replica-2,
3378,1766871126.4212031,2025-12-27T23:32:06.421203,1.4586448669433594,True,native-replica-2,
3379,1766871126.4550412,2025-12-27T23:32:06.455041,1.0082721710205078,True,native-replica-2,
3380,1766871126.4885776,2025-12-27T23:32:06.488578,1.0135173797607422,True,native-replica-2,
3381,1766871126.5229206,2025-12-27T23:32:06.522921,1.5141963958740234,True,native-replica-2,
3382,1766871126.5566983,2025-12-27T23:32:06.556698,1.007080078125,True,native-replica-2,
3383,1766871126.5910585,2025-12-27T23:32:06.591058,1.512289047241211,True,native-replica-2,
3384,1766871126.6249785,2025-12-27T23:32:06.624979,1.5115737915039062,True,native-replica-2,
3385,1766871126.6586163,2025-12-27T23:32:06.658616,1.0094642639160156,True,native-replica-2,
3386,1766871126.6933258,2025-12-27T23:32:06.693326,2.0096302032470703,True,native-replica-2,
3387,1766871126.7271988,2025-12-27T23:32:06.727199,1.0077953338623047,True,native-replica-2,
3388,1766871126.7613435,2025-12-27T23:32:06.761343,1.5132427215576172,True,native-replica-2,
3389,1766871126.7954514,2025-12-27T23:32:06.795451,1.4431476593017578,True,native-replica-2,
3390,1766871126.8298259,2025-12-27T23:32:06.829826,2.4178028106689453,True,native-replica-2,
3391,1766871126.863518,2025-12-27T23:32:06.863518,1.5139579772949219,True,native-replica-2,
3392,1766871126.8975322,2025-12-27T23:32:06.897532,1.6303062438964844,True,native-replica-2,
3393,1766871126.931139,2025-12-27T23:32:06.931139,1.6095638275146484,True,native-replica-2,
3394,1766871126.9651165,2025-12-27T23:32:06.965117,1.5316009521484375,True,native-replica-2,
3395,1766871126.9996681,2025-12-27T23:32:06.999668,1.010894775390625,True,native-replica-2,
3396,1766871127.0342817,2025-12-27T23:32:07.034282,1.5149116516113281,True,native-replica-2,
3397,1766871127.0682352,2025-12-27T23:32:07.068235,1.0056495666503906,True,native-replica-2,
3398,1766871127.1029348,2025-12-27T23:32:07.102935,1.0063648223876953,True,native-replica-2,
3399,1766871127.137293,2025-12-27T23:32:07.137293,1.2593269348144531,True,native-replica-2,
3400,1766871127.1715767,2025-12-27T23:32:07.171577,1.1904239654541016,True,native-replica-2,
3401,1766871127.2058117,2025-12-27T23:32:07.205812,1.5158653259277344,True,native-replica-2,
3402,1766871127.2396042,2025-12-27T23:32:07.239604,1.0066032409667969,True,native-replica-2,
3403,1766871127.2743537,2025-12-27T23:32:07.274354,1.5132427215576172,True,native-replica-2,
3404,1766871127.3083613,2025-12-27T23:32:07.308361,1.0058879852294922,True,native-replica-2,
3405,1766871127.3423839,2025-12-27T23:32:07.342384,1.8725395202636719,True,native-replica-2,
3406,1766871127.3762825,2025-12-27T23:32:07.376282,1.005411148071289,True,native-replica-2,
3407,1766871127.410818,2025-12-27T23:32:07.410818,1.5113353729248047,True,native-replica-2,
3408,1766871127.4446828,2025-12-27T23:32:07.444683,1.6810894012451172,True,native-replica-2,
3409,1766871127.478513,2025-12-27T23:32:07.478513,1.0082721710205078,True,native-replica-2,
3410,1766871127.5129359,2025-12-27T23:32:07.512936,1.5189647674560547,True,native-replica-2,
3411,1766871127.547263,2025-12-27T23:32:07.547263,1.622915267944336,True,native-replica-2,
3412,1766871127.5812275,2025-12-27T23:32:07.581228,1.0075569152832031,True,native-replica-2,
3413,1766871127.6155713,2025-12-27T23:32:07.615571,2.00653076171875,True,native-replica-2,
3414,1766871127.649515,2025-12-27T23:32:07.649515,1.5125274658203125,True,native-replica-2,
3415,1766871127.6834683,2025-12-27T23:32:07.683468,1.5211105346679688,True,native-replica-2,
3416,1766871127.7184892,2025-12-27T23:32:07.718489,2.008199691772461,True,native-replica-2,
3417,1766871127.75252,2025-12-27T23:32:07.752520,1.008749008178711,True,native-replica-2,
3418,1766871127.786733,2025-12-27T23:32:07.786733,1.0063648223876953,True,native-replica-2,
3419,1766871127.8213284,2025-12-27T23:32:07.821328,1.5149116516113281,True,native-replica-2,
3420,1766871127.8551946,2025-12-27T23:32:07.855195,1.5194416046142578,True,native-replica-2,
3421,1766871127.889169,2025-12-27T23:32:07.889169,1.516103744506836,True,native-replica-2,
3422,1766871127.9227457,2025-12-27T23:32:07.922746,1.0113716125488281,True,native-replica-2,
3423,1766871127.95697,2025-12-27T23:32:07.956970,1.512289047241211,True,native-replica-2,
3424,1766871127.9909968,2025-12-27T23:32:07.990997,0.5044937133789062,True,native-replica-2,
3425,1766871128.0258877,2025-12-27T23:32:08.025888,2.0079612731933594,True,native-replica-2,
3426,1766871128.0597446,2025-12-27T23:32:08.059745,1.6798973083496094,True,native-replica-2,
3427,1766871128.0935667,2025-12-27T23:32:08.093567,1.8618106842041016,True,native-replica-2,
3428,1766871128.1275823,2025-12-27T23:32:08.127582,1.5110969543457031,True,native-replica-2,
3429,1766871128.1622133,2025-12-27T23:32:08.162213,1.3041496276855469,True,native-replica-2,
3430,1766871128.197007,2025-12-27T23:32:08.197007,1.5120506286621094,True,native-replica-2,
3431,1766871128.2309608,2025-12-27T23:32:08.230961,1.0867118835449219,True,native-replica-2,
3432,1766871128.2654202,2025-12-27T23:32:08.265420,1.007080078125,True,native-replica-2,
3433,1766871128.2996752,2025-12-27T23:32:08.299675,1.5137195587158203,True,native-replica-2,
3434,1766871128.334098,2025-12-27T23:32:08.334098,1.0068416595458984,True,native-replica-2,
3435,1766871128.368382,2025-12-27T23:32:08.368382,1.5120506286621094,True,native-replica-2,
3436,1766871128.4023,2025-12-27T23:32:08.402300,1.007080078125,True,native-replica-2,
3437,1766871128.4365933,2025-12-27T23:32:08.436593,1.2373924255371094,True,native-replica-2,
